제품,종이,사이즈,도수,Pro_id
포스터,아트지 백색 100g,A1,단면칼라4도,C04ATB100PA14S0
포스터,아트지 백색 100g,A2,단면칼라4도,C04ATB100PA24S0
포스터,아트지 백색 100g,A3,단면칼라4도,C04ATB100PA34S0
포스터,아트지 백색 100g,2절(B2),단면칼라4도,C04ATB100PB24S0
포스터,아트지 백색 100g,4절(B3),단면칼라4도,C04ATB100PB44S0
포스터,아트지 백색 100g,8절(B4),단면칼라4도,C04ATB100PB84S0
포스터,아트지 백색 120g,A1,단면칼라4도,C04ATB120PA14S0
포스터,아트지 백색 120g,A2,단면칼라4도,C04ATB120PA24S0
포스터,아트지 백색 120g,A3,단면칼라4도,C04ATB120PA34S0
포스터,아트지 백색 120g,2절(B2),단면칼라4도,C04ATB120PB24S0
포스터,아트지 백색 120g,4절(B3),단면칼라4도,C04ATB120PB44S0
포스터,아트지 백색 120g,8절(B4),단면칼라4도,C04ATB120PB84S0
포스터,아트지 백색 150g,A1,단면칼라4도,C04ATB150PA14S0
포스터,아트지 백색 150g,A2,단면칼라4도,C04ATB150PA24S0
포스터,아트지 백색 150g,A3,단면칼라4도,C04ATB150PA34S0
포스터,아트지 백색 150g,2절(B2),단면칼라4도,C04ATB150PB24S0
포스터,아트지 백색 150g,4절(B3),단면칼라4도,C04ATB150PB44S0
포스터,아트지 백색 150g,8절(B4),단면칼라4도,C04ATB150PB84S0
포스터,아트지 백색 180g,A1,단면칼라4도,C04ATB180PA14S0
포스터,아트지 백색 180g,A2,단면칼라4도,C04ATB180PA24S0
포스터,아트지 백색 180g,A3,단면칼라4도,C04ATB180PA34S0
포스터,아트지 백색 180g,2절(B2),단면칼라4도,C04ATB180PB24S0
포스터,아트지 백색 180g,4절(B3),단면칼라4도,C04ATB180PB44S0
포스터,아트지 백색 180g,8절(B4),단면칼라4도,C04ATB180PB84S0
포스터,아트지 백색 200g,A1,단면칼라4도,C04ATB200PA14S0
포스터,아트지 백색 200g,A2,단면칼라4도,C04ATB200PA24S0
포스터,아트지 백색 200g,A3,단면칼라4도,C04ATB200PA34S0
포스터,아트지 백색 200g,2절(B2),단면칼라4도,C04ATB200PB24S0
포스터,아트지 백색 200g,4절(B3),단면칼라4도,C04ATB200PB44S0
포스터,아트지 백색 200g,8절(B4),단면칼라4도,C04ATB200PB84S0
포스터,아트지 백색 250g,A1,단면칼라4도,C04ATB250PA14S0
포스터,아트지 백색 250g,A2,단면칼라4도,C04ATB250PA24S0
포스터,아트지 백색 250g,A3,단면칼라4도,C04ATB250PA34S0
포스터,아트지 백색 250g,2절(B2),단면칼라4도,C04ATB250PB24S0
포스터,아트지 백색 250g,4절(B3),단면칼라4도,C04ATB250PB44S0
포스터,아트지 백색 250g,8절(B4),단면칼라4도,C04ATB250PB84S0
포스터,아트지 백색 300g,A1,단면칼라4도,C04ATB300PA14S0
포스터,아트지 백색 300g,A2,단면칼라4도,C04ATB300PA24S0
포스터,아트지 백색 300g,A3,단면칼라4도,C04ATB300PA34S0
포스터,아트지 백색 300g,2절(B2),단면칼라4도,C04ATB300PB24S0
포스터,아트지 백색 300g,4절(B3),단면칼라4도,C04ATB300PB44S0
포스터,아트지 백색 300g,8절(B4),단면칼라4도,C04ATB300PB84S0
포스터,모조지 백색 80g,A1,단면칼라4도,C04MOB080PA14S0
포스터,모조지 백색 80g,A2,단면칼라4도,C04MOB080PA24S0
포스터,모조지 백색 80g,A3,단면칼라4도,C04MOB080PA34S0
포스터,모조지 백색 80g,2절(B2),단면칼라4도,C04MOB080PB24S0
포스터,모조지 백색 80g,4절(B3),단면칼라4도,C04MOB080PB44S0
포스터,모조지 백색 80g,8절(B4),단면칼라4도,C04MOB080PB84S0
포스터,모조지 백색 100g,A1,단면칼라4도,C04MOB100PA14S0
포스터,모조지 백색 100g,A2,단면칼라4도,C04MOB100PA24S0
포스터,모조지 백색 100g,A3,단면칼라4도,C04MOB100PA34S0
포스터,모조지 백색 100g,2절(B2),단면칼라4도,C04MOB100PB24S0
포스터,모조지 백색 100g,4절(B3),단면칼라4도,C04MOB100PB44S0
포스터,모조지 백색 100g,8절(B4),단면칼라4도,C04MOB100PB84S0
포스터,모조지 백색 120g,A1,단면칼라4도,C04MOB120PA14S0
포스터,모조지 백색 120g,A2,단면칼라4도,C04MOB120PA24S0
포스터,모조지 백색 120g,A3,단면칼라4도,C04MOB120PA34S0
포스터,모조지 백색 120g,2절(B2),단면칼라4도,C04MOB120PB24S0
포스터,모조지 백색 120g,4절(B3),단면칼라4도,C04MOB120PB44S0
포스터,모조지 백색 120g,8절(B4),단면칼라4도,C04MOB120PB84S0
포스터,모조지 백색 150g,A1,단면칼라4도,C04MOB150PA14S0
포스터,모조지 백색 150g,A2,단면칼라4도,C04MOB150PA24S0
포스터,모조지 백색 150g,A3,단면칼라4도,C04MOB150PA34S0
포스터,모조지 백색 150g,2절(B2),단면칼라4도,C04MOB150PB24S0
포스터,모조지 백색 150g,4절(B3),단면칼라4도,C04MOB150PB44S0
포스터,모조지 백색 150g,8절(B4),단면칼라4도,C04MOB150PB84S0
포스터,모조지 백색 180g,A1,단면칼라4도,C04MOB180PA14S0
포스터,모조지 백색 180g,A2,단면칼라4도,C04MOB180PA24S0
포스터,모조지 백색 180g,A3,단면칼라4도,C04MOB180PA34S0
포스터,모조지 백색 180g,2절(B2),단면칼라4도,C04MOB180PB24S0
포스터,모조지 백색 180g,4절(B3),단면칼라4도,C04MOB180PB44S0
포스터,모조지 백색 180g,8절(B4),단면칼라4도,C04MOB180PB84S0
포스터,모조지 백색 220g,A1,단면칼라4도,C04MOB220PA14S0
포스터,모조지 백색 220g,A2,단면칼라4도,C04MOB220PA24S0
포스터,모조지 백색 220g,A3,단면칼라4도,C04MOB220PA34S0
포스터,모조지 백색 220g,2절(B2),단면칼라4도,C04MOB220PB24S0
포스터,모조지 백색 220g,4절(B3),단면칼라4도,C04MOB220PB44S0
포스터,모조지 백색 220g,8절(B4),단면칼라4도,C04MOB220PB84S0
포스터,모조지 백색 260g,A1,단면칼라4도,C04MOB260PA14S0
포스터,모조지 백색 260g,A2,단면칼라4도,C04MOB260PA24S0
포스터,모조지 백색 260g,A3,단면칼라4도,C04MOB260PA34S0
포스터,모조지 백색 260g,2절(B2),단면칼라4도,C04MOB260PB24S0
포스터,모조지 백색 260g,4절(B3),단면칼라4도,C04MOB260PB44S0
포스터,모조지 백색 260g,8절(B4),단면칼라4도,C04MOB260PB84S0
포스터,모조지 미색 80g,A1,단면칼라4도,C04MOM080PA14S0
포스터,모조지 미색 80g,A2,단면칼라4도,C04MOM080PA24S0
포스터,모조지 미색 80g,A3,단면칼라4도,C04MOM080PA34S0
포스터,모조지 미색 80g,2절(B2),단면칼라4도,C04MOM080PB24S0
포스터,모조지 미색 80g,4절(B3),단면칼라4도,C04MOM080PB44S0
포스터,모조지 미색 80g,8절(B4),단면칼라4도,C04MOM080PB84S0
포스터,모조지 미색 100g,A1,단면칼라4도,C04MOM100PA14S0
포스터,모조지 미색 100g,A2,단면칼라4도,C04MOM100PA24S0
포스터,모조지 미색 100g,A3,단면칼라4도,C04MOM100PA34S0
포스터,모조지 미색 100g,2절(B2),단면칼라4도,C04MOM100PB24S0
포스터,모조지 미색 100g,4절(B3),단면칼라4도,C04MOM100PB44S0
포스터,모조지 미색 100g,8절(B4),단면칼라4도,C04MOM100PB84S0
포스터,스노우지 백색 100g,A1,단면칼라4도,C04SWB100PA14S0
포스터,스노우지 백색 100g,A2,단면칼라4도,C04SWB100PA24S0
포스터,스노우지 백색 100g,A3,단면칼라4도,C04SWB100PA34S0
포스터,스노우지 백색 100g,2절(B2),단면칼라4도,C04SWB100PB24S0
포스터,스노우지 백색 100g,4절(B3),단면칼라4도,C04SWB100PB44S0
포스터,스노우지 백색 100g,8절(B4),단면칼라4도,C04SWB100PB84S0
포스터,스노우지 백색 120g,A1,단면칼라4도,C04SWB120PA14S0
포스터,스노우지 백색 120g,A2,단면칼라4도,C04SWB120PA24S0
포스터,스노우지 백색 120g,A3,단면칼라4도,C04SWB120PA34S0
포스터,스노우지 백색 120g,2절(B2),단면칼라4도,C04SWB120PB24S0
포스터,스노우지 백색 120g,4절(B3),단면칼라4도,C04SWB120PB44S0
포스터,스노우지 백색 120g,8절(B4),단면칼라4도,C04SWB120PB84S0
포스터,스노우지 백색 150g,A1,단면칼라4도,C04SWB150PA14S0
포스터,스노우지 백색 150g,A2,단면칼라4도,C04SWB150PA24S0
포스터,스노우지 백색 150g,A3,단면칼라4도,C04SWB150PA34S0
포스터,스노우지 백색 150g,2절(B2),단면칼라4도,C04SWB150PB24S0
포스터,스노우지 백색 150g,4절(B3),단면칼라4도,C04SWB150PB44S0
포스터,스노우지 백색 150g,8절(B4),단면칼라4도,C04SWB150PB84S0
포스터,스노우지 백색 180g,A1,단면칼라4도,C04SWB180PA14S0
포스터,스노우지 백색 180g,A2,단면칼라4도,C04SWB180PA24S0
포스터,스노우지 백색 180g,A3,단면칼라4도,C04SWB180PA34S0
포스터,스노우지 백색 180g,2절(B2),단면칼라4도,C04SWB180PB24S0
포스터,스노우지 백색 180g,4절(B3),단면칼라4도,C04SWB180PB44S0
포스터,스노우지 백색 180g,8절(B4),단면칼라4도,C04SWB180PB84S0
포스터,스노우지 백색 200g,A1,단면칼라4도,C04SWB200PA14S0
포스터,스노우지 백색 200g,A2,단면칼라4도,C04SWB200PA24S0
포스터,스노우지 백색 200g,A3,단면칼라4도,C04SWB200PA34S0
포스터,스노우지 백색 200g,2절(B2),단면칼라4도,C04SWB200PB24S0
포스터,스노우지 백색 200g,4절(B3),단면칼라4도,C04SWB200PB44S0
포스터,스노우지 백색 200g,8절(B4),단면칼라4도,C04SWB200PB84S0
포스터,스노우지 백색 250g,A1,단면칼라4도,C04SWB250PA14S0
포스터,스노우지 백색 250g,A2,단면칼라4도,C04SWB250PA24S0
포스터,스노우지 백색 250g,A3,단면칼라4도,C04SWB250PA34S0
포스터,스노우지 백색 250g,2절(B2),단면칼라4도,C04SWB250PB24S0
포스터,스노우지 백색 250g,4절(B3),단면칼라4도,C04SWB250PB44S0
포스터,스노우지 백색 250g,8절(B4),단면칼라4도,C04SWB250PB84S0
포스터,스노우지 백색 300g,A1,단면칼라4도,C04SWB300PA14S0
포스터,스노우지 백색 300g,A2,단면칼라4도,C04SWB300PA24S0
포스터,스노우지 백색 300g,A3,단면칼라4도,C04SWB300PA34S0
포스터,스노우지 백색 300g,2절(B2),단면칼라4도,C04SWB300PB24S0
포스터,스노우지 백색 300g,4절(B3),단면칼라4도,C04SWB300PB44S0
포스터,스노우지 백색 300g,8절(B4),단면칼라4도,C04SWB300PB84S0
