코팅명함,86*52,명함사이즈,투터치재단,88,54,86,52,-,-,-,-,국,국전 판,아그파판,1030*800
고품격 코팅명함,90*50,명함사이즈,투터치재단,92,52,90,50,-,-,-,-,국,국전 판,아그파판,1030*800
무코팅명함,86*52,명함사이즈,투터치재단,88,54,86,52,-,-,-,-,국,국전 판,아그파판,1030*800
고품격 무코팅명함,90*50,명함사이즈,투터치재단,92,52,90,50,-,-,-,-,국,국전 판,아그파판,1030*800
빌리지명함,90*50,명함사이즈,투터치재단,92,52,90,50,-,-,-,-,46,2절 8개판,아그파판,760*635
베이직명함,90*50,명함사이즈,투터치재단,92,52,90,50,-,-,-,-,46,2절 8개판,아그파판,760*635
반누브명함,90*50,명함사이즈,투터치재단,92,52,90,50,-,-,-,-,46,2절 8개판,아그파판,760*635
그레이스명함,90*50,명함사이즈,투터치재단,92,52,90,50,-,-,-,-,46,2절 8개판,아그파판,760*635
컨셉(블루펄)명함,90*50,명함사이즈,투터치재단,92,52,90,50,-,-,-,-,46,2절 8개판,아그파판,760*635
키칼라메탈릭 골드명함,90*50,명함사이즈,투터치재단,92,52,90,50,-,-,-,-,46,2절 8개판,아그파판,760*635
키칼라메탈릭 아이스골드명함,90*50,명함사이즈,투터치재단,92,52,90,50,-,-,-,-,46,2절 8개판,아그파판,760*635
마쉬맬로우명함,90*50,명함사이즈,투터치재단,92,52,90,50,-,-,-,-,46,2절 8개판,아그파판,760*635
팝셋명함,90*50,명함사이즈,투터치재단,92,52,90,50,-,-,-,-,46,2절 8개판,아그파판,760*635
샤인스페셜명함,90*50,명함사이즈,투터치재단,92,52,90,50,-,-,-,-,46,2절 8개판,아그파판,760*635
스타드림명함,90*50,명함사이즈,투터치재단,92,52,90,50,-,-,-,-,46,2절 8개판,아그파판,760*635
스타(드림) 골드명함,90*50,명함사이즈,투터치재단,92,52,90,50,-,-,-,-,46,2절 8개판,아그파판,760*635
스타(드림) 실버명함,90*50,명함사이즈,투터치재단,92,52,90,50,-,-,-,-,46,2절 8개판,아그파판,760*635
스코틀랜드명함,90*50,명함사이즈,투터치재단,92,52,90,50,-,-,-,-,46,2절 8개판,아그파판,760*635
탄트지명함,90*50,명함사이즈,투터치재단,92,52,90,50,-,-,-,-,46,2절 8개판,아그파판,760*635
유포지명함,90*50,명함사이즈,투터치재단,92,52,90,50,-,-,-,-,46,2절 8개판,아그파판,760*635
휘라레명함,90*50,명함사이즈,투터치재단,92,52,90,50,-,-,-,-,46,2절 8개판,아그파판,760*635
랑데뷰명함,90*50,명함사이즈,투터치재단,92,52,90,50,-,-,-,-,46,2절 8개판,아그파판,760*635
반누드 카드명함,86*54,명함사이즈,투터치재단,90,58,86,54,82,50,-,-,외주,외주,외주,외주
화이트 카드명함,86*54,명함사이즈,투터치재단,90,58,86,54,82,50,-,-,외주,외주,외주,외주
실버 카드명함,86*54,명함사이즈,투터치재단,90,58,86,54,82,50,-,-,외주,외주,외주,외주
골드 카드명함,86*54,명함사이즈,투터치재단,90,58,86,54,82,50,-,-,외주,외주,외주,외주
거울(밀러)플러스 카드명함,86*54,명함사이즈,투터치재단,90,58,86,54,82,50,-,-,외주,외주,외주,외주
실버플러스 카드명함,86*54,명함사이즈,투터치재단,90,58,86,54,82,50,-,-,외주,외주,외주,외주
골드플러스 카드명함,86*54,명함사이즈,투터치재단,90,58,86,54,82,50,-,-,외주,외주,외주,외주
은펄 카드명함,86*54,명함사이즈,투터치재단,90,58,86,54,82,50,-,-,외주,외주,외주,외주
금펄 카드명함,86*54,명함사이즈,투터치재단,90,58,86,54,82,50,-,-,외주,외주,외주,외주
누드 카드명함,86*54,명함사이즈,투터치재단,90,58,86,54,82,50,-,-,외주,외주,외주,외주
홀로그램플러스 카드명함,86*54,명함사이즈,투터치재단,90,58,86,54,82,50,-,-,외주,외주,외주,외주
반누드플러스 카드명함,86*54,명함사이즈,투터치재단,90,58,86,54,82,50,-,-,외주,외주,외주,외주
은펄반누드 카드명함,86*54,명함사이즈,투터치재단,90,58,86,54,82,50,-,-,외주,외주,외주,외주
금펄반누드 카드명함,86*54,명함사이즈,투터치재단,90,58,86,54,82,50,-,-,외주,외주,외주,외주
은펄플러스 카드명함,86*54,명함사이즈,투터치재단,90,58,86,54,82,50,-,-,외주,외주,외주,외주
금펄플러스 카드명함,86*54,명함사이즈,투터치재단,90,58,86,54,82,50,-,-,외주,외주,외주,외주
금펄더블플러스명함,86*54,명함사이즈,투터치재단,90,58,86,54,82,50,-,-,외주,외주,외주,외주
홀로그램 더블플러스 카드명함,86*54,명함사이즈,투터치재단,90,58,86,54,82,50,-,-,외주,외주,외주,외주
메탈실버 카드명함,86*54,명함사이즈,투터치재단,90,58,86,54,82,50,-,-,외주,외주,외주,외주
메탈골드 카드명함,86*54,명함사이즈,투터치재단,90,58,86,54,82,50,-,-,외주,외주,외주,외주
카드명함 샘플킷,86*54,명함사이즈,투터치재단,90,58,86,54,82,50,-,-,외주,외주,외주,외주
스타일 휘라레명함,85*55,명함사이즈,투터치재단,87,57,85,55,-,-,-,-,46,2절 8개판,아그파판,760*635
스타일 휘라레명함,91*55,명함사이즈,투터치재단,93,57,91,55,-,-,-,-,46,2절 8개판,아그파판,760*635
스타일 휘라레명함,89*51,명함사이즈,투터치재단,91,53,89,51,-,-,-,-,46,2절 8개판,아그파판,760*635
스타일 휘라레명함,86*54,명함사이즈,투터치재단,88,56,86,54,-,-,-,-,46,2절 8개판,아그파판,760*635
스타일 휘라레명함,90*55,명함사이즈,투터치재단,92,57,90,55,-,-,-,-,46,2절 8개판,아그파판,760*635
스타일 반누브명함,85*55,명함사이즈,투터치재단,87,57,85,55,-,-,-,-,46,2절 8개판,아그파판,760*635
스타일 반누브명함,91*55,명함사이즈,투터치재단,93,57,91,55,-,-,-,-,46,2절 8개판,아그파판,760*635
스타일 반누브명함,89*51,명함사이즈,투터치재단,91,53,89,51,-,-,-,-,46,2절 8개판,아그파판,760*635
스타일 반누브명함,86*54,명함사이즈,투터치재단,88,56,86,54,-,-,-,-,46,2절 8개판,아그파판,760*635
스타일 반누브명함,90*55,명함사이즈,투터치재단,92,57,90,55,-,-,-,-,46,2절 8개판,아그파판,760*635
스타일 스타드림명함,85*55,명함사이즈,투터치재단,87,57,85,55,-,-,-,-,46,2절 8개판,아그파판,760*635
스타일 스타드림명함,91*55,명함사이즈,투터치재단,93,57,91,55,-,-,-,-,46,2절 8개판,아그파판,760*635
스타일 스타드림명함,89*51,명함사이즈,투터치재단,91,53,89,51,-,-,-,-,46,2절 8개판,아그파판,760*635
스타일 스타드림명함,86*54,명함사이즈,투터치재단,88,56,86,54,-,-,-,-,46,2절 8개판,아그파판,760*635
스타일 스타드림명함,90*55,명함사이즈,투터치재단,92,57,90,55,-,-,-,-,46,2절 8개판,아그파판,760*635
스타일 코팅명함,85*55,명함사이즈,투터치재단,87,57,85,55,-,-,-,-,국,국전 판,아그파판,1030*800
스타일 코팅명함,91*55,명함사이즈,투터치재단,93,57,91,55,-,-,-,-,국,국전 판,아그파판,1030*800
스타일 코팅명함,89*51,명함사이즈,투터치재단,91,53,89,51,-,-,-,-,국,국전 판,아그파판,1030*800
스타일 코팅명함,86*54,명함사이즈,투터치재단,88,56,86,54,-,-,-,-,국,국전 판,아그파판,1030*800
스타일 코팅명함,90*55,명함사이즈,투터치재단,92,57,90,55,-,-,-,-,국,국전 판,아그파판,1030*800
스타일 무코팅명함,85*55,명함사이즈,투터치재단,87,57,85,55,-,-,-,-,국,국전 판,아그파판,1030*800
스타일 무코팅명함,91*55,명함사이즈,투터치재단,93,57,91,55,-,-,-,-,국,국전 판,아그파판,1030*800
스타일 무코팅명함,89*51,명함사이즈,투터치재단,91,56,89,54,-,-,-,-,국,국전 판,아그파판,1030*800
스타일 무코팅명함,86*54,명함사이즈,투터치재단,88,56,86,54,-,-,-,-,국,국전 판,아그파판,1030*800
스타일 무코팅명함,90*55,명함사이즈,투터치재단,92,57,90,55,-,-,-,-,국,국전 판,아그파판,1030*800
복권,86*52,명함사이즈,투터치재단,88,54,86,52,-,-,-,-,국,국전 판,아그파판,1030*800
엽서,140*90,명함사이즈,투터치재단,142,92,140,90,136,86,-,-,국,국전 판,아그파판,1030*800
초대장,160*70,명함사이즈,투터치재단,162,72,160,70,156,66,-,-,국,국전 판,아그파판,1030*800
상품권,140*70,명함사이즈,투터치재단,142,72,140,70,136,66,-,-,국,국전 판,아그파판,1030*800
상품권,160*70,명함사이즈,투터치재단,162,72,160,70,156,66,-,-,국,국전 판,아그파판,1030*800
종이자석,90*70,명함사이즈,투터치재단,93,73,90,70,85,65,-,-,외주,외주,외주,외주
종이자석,90*80,명함사이즈,투터치재단,93,83,90,80,85,75,-,-,외주,외주,외주,외주
종이자석,90*90,명함사이즈,투터치재단,93,93,90,90,85,85,-,-,외주,외주,외주,외주
종이자석,90*100,명함사이즈,투터치재단,93,103,90,100,85,95,-,-,외주,외주,외주,외주
종이자석,90*110,명함사이즈,투터치재단,93,113,90,110,85,105,-,-,외주,외주,외주,외주
종이자석,90*120,명함사이즈,투터치재단,93,123,90,120,85,115,-,-,외주,외주,외주,외주
종이자석,90*130,명함사이즈,투터치재단,93,133,90,130,85,125,-,-,외주,외주,외주,외주
강접 코팅스티커,60*40,스티커사이즈,원터치재단,60,40,60,40,54,34,-,-,46,2절 8개판,아그파판,760*635
강접 코팅스티커,70*40,스티커사이즈,원터치재단,70,40,70,40,64,34,-,-,46,2절 8개판,아그파판,760*635
강접 코팅스티커,80*50,스티커사이즈,원터치재단,80,50,80,50,74,44,-,-,46,2절 8개판,아그파판,760*635
강접 코팅스티커,90*55,스티커사이즈,원터치재단,90,55,90,55,84,49,-,-,46,2절 8개판,아그파판,760*635
강접 코팅스티커,90*60,스티커사이즈,원터치재단,90,60,90,60,84,54,-,-,46,2절 8개판,아그파판,760*635
강접 코팅스티커,90*70,스티커사이즈,원터치재단,90,70,90,70,84,64,-,-,46,2절 8개판,아그파판,760*635
강접 코팅스티커,90*80,스티커사이즈,원터치재단,90,80,90,80,84,74,-,-,46,2절 8개판,아그파판,760*635
강접 코팅스티커,90*90,스티커사이즈,원터치재단,90,90,90,90,84,84,-,-,46,2절 8개판,아그파판,760*635
강접 코팅스티커,90*100,스티커사이즈,원터치재단,90,100,90,100,84,94,-,-,46,2절 8개판,아그파판,760*635
강접 코팅스티커,90*110,스티커사이즈,원터치재단,90,110,90,110,84,104,-,-,46,2절 8개판,아그파판,760*635
강접 코팅스티커,90*120,스티커사이즈,원터치재단,90,120,90,120,84,114,-,-,46,2절 8개판,아그파판,760*635
강접 코팅스티커,90*130,스티커사이즈,원터치재단,90,130,90,130,84,124,-,-,46,2절 8개판,아그파판,760*635
강접 코팅스티커,90*140,스티커사이즈,원터치재단,90,140,90,140,84,134,-,-,46,2절 8개판,아그파판,760*635
강접 코팅스티커,90*150,스티커사이즈,원터치재단,90,150,90,150,84,144,-,-,46,2절 8개판,아그파판,760*635
강접 코팅스티커,60*40,스티커사이즈,투터치재단,66,46,60,40,66,46,-,-,46,2절 8개판,아그파판,760*635
강접 코팅스티커,70*40,스티커사이즈,투터치재단,76,46,70,40,76,46,-,-,46,2절 8개판,아그파판,760*635
강접 코팅스티커,80*50,스티커사이즈,투터치재단,86,56,80,50,86,56,-,-,46,2절 8개판,아그파판,760*635
강접 코팅스티커,90*55,스티커사이즈,투터치재단,96,61,90,55,96,61,-,-,46,2절 8개판,아그파판,760*635
강접 코팅스티커,90*60,스티커사이즈,투터치재단,96,66,90,60,96,66,-,-,46,2절 8개판,아그파판,760*635
강접 코팅스티커,90*70,스티커사이즈,투터치재단,96,76,90,70,96,76,-,-,46,2절 8개판,아그파판,760*635
강접 코팅스티커,90*80,스티커사이즈,투터치재단,96,86,90,80,96,86,-,-,46,2절 8개판,아그파판,760*635
강접 코팅스티커,90*90,스티커사이즈,투터치재단,96,96,90,90,96,96,-,-,46,2절 8개판,아그파판,760*635
강접 코팅스티커,90*100,스티커사이즈,투터치재단,96,106,90,100,96,106,-,-,46,2절 8개판,아그파판,760*635
강접 코팅스티커,90*110,스티커사이즈,투터치재단,96,116,90,110,96,116,-,-,46,2절 8개판,아그파판,760*635
강접 코팅스티커,90*120,스티커사이즈,투터치재단,96,126,90,120,96,126,-,-,46,2절 8개판,아그파판,760*635
강접 코팅스티커,90*130,스티커사이즈,투터치재단,96,136,90,130,96,136,-,-,46,2절 8개판,아그파판,760*635
강접 코팅스티커,90*140,스티커사이즈,투터치재단,96,146,90,140,96,146,-,-,46,2절 8개판,아그파판,760*635
강접 코팅스티커,90*150,스티커사이즈,투터치재단,96,156,90,150,96,156,-,-,46,2절 8개판,아그파판,760*635
강접 무코팅스티커,60*40,스티커사이즈,원터치재단,60,40,60,40,54,34,-,-,46,2절 8개판,아그파판,760*635
강접 무코팅스티커,70*40,스티커사이즈,원터치재단,70,40,70,40,64,34,-,-,46,2절 8개판,아그파판,760*635
강접 무코팅스티커,80*50,스티커사이즈,원터치재단,80,50,80,50,74,44,-,-,46,2절 8개판,아그파판,760*635
강접 무코팅스티커,90*55,스티커사이즈,원터치재단,90,55,90,55,84,49,-,-,46,2절 8개판,아그파판,760*635
강접 무코팅스티커,90*60,스티커사이즈,원터치재단,90,60,90,60,84,54,-,-,46,2절 8개판,아그파판,760*635
강접 무코팅스티커,90*70,스티커사이즈,원터치재단,90,70,90,70,84,64,-,-,46,2절 8개판,아그파판,760*635
강접 무코팅스티커,90*80,스티커사이즈,원터치재단,90,80,90,80,84,74,-,-,46,2절 8개판,아그파판,760*635
강접 무코팅스티커,90*90,스티커사이즈,원터치재단,90,90,90,90,84,84,-,-,46,2절 8개판,아그파판,760*635
강접 무코팅스티커,90*100,스티커사이즈,원터치재단,90,100,90,100,84,94,-,-,46,2절 8개판,아그파판,760*635
강접 무코팅스티커,90*110,스티커사이즈,원터치재단,90,110,90,110,84,104,-,-,46,2절 8개판,아그파판,760*635
강접 무코팅스티커,90*120,스티커사이즈,원터치재단,90,120,90,120,84,114,-,-,46,2절 8개판,아그파판,760*635
강접 무코팅스티커,90*130,스티커사이즈,원터치재단,90,130,90,130,84,124,-,-,46,2절 8개판,아그파판,760*635
강접 무코팅스티커,90*140,스티커사이즈,원터치재단,90,140,90,140,84,134,-,-,46,2절 8개판,아그파판,760*635
강접 무코팅스티커,90*150,스티커사이즈,원터치재단,90,150,90,150,84,144,-,-,46,2절 8개판,아그파판,760*635
강접 무코팅스티커,60*40,스티커사이즈,투터치재단,66,46,60,40,66,46,-,-,46,2절 8개판,아그파판,760*635
강접 무코팅스티커,70*40,스티커사이즈,투터치재단,76,46,70,40,76,46,-,-,46,2절 8개판,아그파판,760*635
강접 무코팅스티커,80*50,스티커사이즈,투터치재단,86,56,80,50,86,56,-,-,46,2절 8개판,아그파판,760*635
강접 무코팅스티커,90*55,스티커사이즈,투터치재단,96,61,90,55,96,61,-,-,46,2절 8개판,아그파판,760*635
강접 무코팅스티커,90*60,스티커사이즈,투터치재단,96,66,90,60,96,66,-,-,46,2절 8개판,아그파판,760*635
강접 무코팅스티커,90*70,스티커사이즈,투터치재단,96,76,90,70,96,76,-,-,46,2절 8개판,아그파판,760*635
강접 무코팅스티커,90*80,스티커사이즈,투터치재단,96,86,90,80,96,86,-,-,46,2절 8개판,아그파판,760*635
강접 무코팅스티커,90*90,스티커사이즈,투터치재단,96,96,90,90,96,96,-,-,46,2절 8개판,아그파판,760*635
강접 무코팅스티커,90*100,스티커사이즈,투터치재단,96,106,90,100,96,106,-,-,46,2절 8개판,아그파판,760*635
강접 무코팅스티커,90*110,스티커사이즈,투터치재단,96,116,90,110,96,116,-,-,46,2절 8개판,아그파판,760*635
강접 무코팅스티커,90*120,스티커사이즈,투터치재단,96,126,90,120,96,126,-,-,46,2절 8개판,아그파판,760*635
강접 무코팅스티커,90*130,스티커사이즈,투터치재단,96,136,90,130,96,136,-,-,46,2절 8개판,아그파판,760*635
강접 무코팅스티커,90*140,스티커사이즈,투터치재단,96,146,90,140,96,146,-,-,46,2절 8개판,아그파판,760*635
강접 무코팅스티커,90*150,스티커사이즈,투터치재단,96,156,90,150,96,156,-,-,46,2절 8개판,아그파판,760*635
은무데드롱스티커,60*40,스티커사이즈,원터치재단,60,40,60,40,54,34,-,-,국,국2절 판,아그파판,670*550
은무데드롱스티커,70*40,스티커사이즈,원터치재단,70,40,70,40,64,34,-,-,국,국2절 판,아그파판,670*550
은무데드롱스티커,80*50,스티커사이즈,원터치재단,80,50,80,50,74,44,-,-,국,국2절 판,아그파판,670*550
은무데드롱스티커,90*55,스티커사이즈,원터치재단,90,55,90,55,84,49,-,-,국,국2절 판,아그파판,670*550
은무데드롱스티커,90*60,스티커사이즈,원터치재단,90,60,90,60,84,54,-,-,국,국2절 판,아그파판,670*550
은무데드롱스티커,90*70,스티커사이즈,원터치재단,90,70,90,70,84,64,-,-,국,국2절 판,아그파판,670*550
은무데드롱스티커,90*80,스티커사이즈,원터치재단,90,80,90,80,84,74,-,-,국,국2절 판,아그파판,670*550
은무데드롱스티커,90*90,스티커사이즈,원터치재단,90,90,90,90,84,84,-,-,국,국2절 판,아그파판,670*550
은무데드롱스티커,90*100,스티커사이즈,원터치재단,90,100,90,100,84,94,-,-,국,국2절 판,아그파판,670*550
은무데드롱스티커,90*110,스티커사이즈,원터치재단,90,110,90,110,84,104,-,-,국,국2절 판,아그파판,670*550
은무데드롱스티커,90*120,스티커사이즈,원터치재단,90,120,90,120,84,114,-,-,국,국2절 판,아그파판,670*550
은무데드롱스티커,90*130,스티커사이즈,원터치재단,90,130,90,130,84,124,-,-,국,국2절 판,아그파판,670*550
은무데드롱스티커,90*140,스티커사이즈,원터치재단,90,140,90,140,84,134,-,-,국,국2절 판,아그파판,670*550
은무데드롱스티커,90*150,스티커사이즈,원터치재단,90,150,90,150,84,144,-,-,국,국2절 판,아그파판,670*550
은무데드롱스티커,60*40,스티커사이즈,투터치재단,66,46,60,40,66,46,-,-,국,국2절 판,아그파판,670*550
은무데드롱스티커,70*40,스티커사이즈,투터치재단,76,46,70,40,76,46,-,-,국,국2절 판,아그파판,670*550
은무데드롱스티커,80*50,스티커사이즈,투터치재단,86,56,80,50,86,56,-,-,국,국2절 판,아그파판,670*550
은무데드롱스티커,90*55,스티커사이즈,투터치재단,96,61,90,55,96,61,-,-,국,국2절 판,아그파판,670*550
은무데드롱스티커,90*60,스티커사이즈,투터치재단,96,66,90,60,96,66,-,-,국,국2절 판,아그파판,670*550
은무데드롱스티커,90*70,스티커사이즈,투터치재단,96,76,90,70,96,76,-,-,국,국2절 판,아그파판,670*550
은무데드롱스티커,90*80,스티커사이즈,투터치재단,96,86,90,80,96,86,-,-,국,국2절 판,아그파판,670*550
은무데드롱스티커,90*90,스티커사이즈,투터치재단,96,96,90,90,96,96,-,-,국,국2절 판,아그파판,670*550
은무데드롱스티커,90*100,스티커사이즈,투터치재단,96,106,90,100,96,106,-,-,국,국2절 판,아그파판,670*550
은무데드롱스티커,90*110,스티커사이즈,투터치재단,96,116,90,110,96,116,-,-,국,국2절 판,아그파판,670*550
은무데드롱스티커,90*120,스티커사이즈,투터치재단,96,126,90,120,96,126,-,-,국,국2절 판,아그파판,670*550
은무데드롱스티커,90*130,스티커사이즈,투터치재단,96,136,90,130,96,136,-,-,국,국2절 판,아그파판,670*550
은무데드롱스티커,90*140,스티커사이즈,투터치재단,96,146,90,140,96,146,-,-,국,국2절 판,아그파판,670*550
은무데드롱스티커,90*150,스티커사이즈,투터치재단,96,156,90,150,96,156,-,-,국,국2절 판,아그파판,670*550
유포지스티커,60*40,스티커사이즈,원터치재단,60,40,60,40,54,34,-,-,국,국2절 판,아그파판,670*550
유포지스티커,70*40,스티커사이즈,원터치재단,70,40,70,40,64,34,-,-,국,국2절 판,아그파판,670*550
유포지스티커,80*50,스티커사이즈,원터치재단,80,50,80,50,74,44,-,-,국,국2절 판,아그파판,670*550
유포지스티커,90*55,스티커사이즈,원터치재단,90,55,90,55,84,49,-,-,국,국2절 판,아그파판,670*550
유포지스티커,90*60,스티커사이즈,원터치재단,90,60,90,60,84,54,-,-,국,국2절 판,아그파판,670*550
유포지스티커,90*70,스티커사이즈,원터치재단,90,70,90,70,84,64,-,-,국,국2절 판,아그파판,670*550
유포지스티커,90*80,스티커사이즈,원터치재단,90,80,90,80,84,74,-,-,국,국2절 판,아그파판,670*550
유포지스티커,90*90,스티커사이즈,원터치재단,90,90,90,90,84,84,-,-,국,국2절 판,아그파판,670*550
유포지스티커,90*100,스티커사이즈,원터치재단,90,100,90,100,84,94,-,-,국,국2절 판,아그파판,670*550
유포지스티커,90*110,스티커사이즈,원터치재단,90,110,90,110,84,104,-,-,국,국2절 판,아그파판,670*550
유포지스티커,90*120,스티커사이즈,원터치재단,90,120,90,120,84,114,-,-,국,국2절 판,아그파판,670*550
유포지스티커,90*130,스티커사이즈,원터치재단,90,130,90,130,84,124,-,-,국,국2절 판,아그파판,670*550
유포지스티커,90*140,스티커사이즈,원터치재단,90,140,90,140,84,134,-,-,국,국2절 판,아그파판,670*550
유포지스티커,90*150,스티커사이즈,원터치재단,90,150,90,150,84,144,-,-,국,국2절 판,아그파판,670*550
유포지스티커,60*40,스티커사이즈,투터치재단,66,46,60,40,66,46,-,-,국,국2절 판,아그파판,670*550
유포지스티커,70*40,스티커사이즈,투터치재단,76,46,70,40,76,46,-,-,국,국2절 판,아그파판,670*550
유포지스티커,80*50,스티커사이즈,투터치재단,86,56,80,50,86,56,-,-,국,국2절 판,아그파판,670*550
유포지스티커,90*55,스티커사이즈,투터치재단,96,61,90,55,96,61,-,-,국,국2절 판,아그파판,670*550
유포지스티커,90*60,스티커사이즈,투터치재단,96,66,90,60,96,66,-,-,국,국2절 판,아그파판,670*550
유포지스티커,90*70,스티커사이즈,투터치재단,96,76,90,70,96,76,-,-,국,국2절 판,아그파판,670*550
유포지스티커,90*80,스티커사이즈,투터치재단,96,86,90,80,96,86,-,-,국,국2절 판,아그파판,670*550
유포지스티커,90*90,스티커사이즈,투터치재단,96,96,90,90,96,96,-,-,국,국2절 판,아그파판,670*550
유포지스티커,90*100,스티커사이즈,투터치재단,96,106,90,100,96,106,-,-,국,국2절 판,아그파판,670*550
유포지스티커,90*110,스티커사이즈,투터치재단,96,116,90,110,96,116,-,-,국,국2절 판,아그파판,670*550
유포지스티커,90*120,스티커사이즈,투터치재단,96,126,90,120,96,126,-,-,국,국2절 판,아그파판,670*550
유포지스티커,90*130,스티커사이즈,투터치재단,96,136,90,130,96,136,-,-,국,국2절 판,아그파판,670*550
유포지스티커,90*140,스티커사이즈,투터치재단,96,146,90,140,96,146,-,-,국,국2절 판,아그파판,670*550
유포지스티커,90*150,스티커사이즈,투터치재단,96,156,90,150,96,156,-,-,국,국2절 판,아그파판,670*550
투명스티커,60*40,스티커사이즈,원터치재단,60,40,60,40,54,34,-,-,국,국2절 판,아그파판,670*550
투명스티커,70*40,스티커사이즈,원터치재단,70,40,70,40,64,34,-,-,국,국2절 판,아그파판,670*550
투명스티커,80*50,스티커사이즈,원터치재단,80,50,80,50,74,44,-,-,국,국2절 판,아그파판,670*550
투명스티커,90*55,스티커사이즈,원터치재단,90,55,90,55,84,49,-,-,국,국2절 판,아그파판,670*550
투명스티커,90*60,스티커사이즈,원터치재단,90,60,90,60,84,54,-,-,국,국2절 판,아그파판,670*550
투명스티커,90*70,스티커사이즈,원터치재단,90,70,90,70,84,64,-,-,국,국2절 판,아그파판,670*550
투명스티커,90*80,스티커사이즈,원터치재단,90,80,90,80,84,74,-,-,국,국2절 판,아그파판,670*550
투명스티커,90*90,스티커사이즈,원터치재단,90,90,90,90,84,84,-,-,국,국2절 판,아그파판,670*550
투명스티커,90*100,스티커사이즈,원터치재단,90,100,90,100,84,94,-,-,국,국2절 판,아그파판,670*550
투명스티커,90*110,스티커사이즈,원터치재단,90,110,90,110,84,104,-,-,국,국2절 판,아그파판,670*550
투명스티커,90*120,스티커사이즈,원터치재단,90,120,90,120,84,114,-,-,국,국2절 판,아그파판,670*550
투명스티커,90*130,스티커사이즈,원터치재단,90,130,90,130,84,124,-,-,국,국2절 판,아그파판,670*550
투명스티커,90*140,스티커사이즈,원터치재단,90,140,90,140,84,134,-,-,국,국2절 판,아그파판,670*550
투명스티커,90*150,스티커사이즈,원터치재단,90,150,90,150,84,144,-,-,국,국2절 판,아그파판,670*550
투명스티커,60*40,스티커사이즈,투터치재단,66,46,60,40,66,46,-,-,국,국2절 판,아그파판,670*550
투명스티커,70*40,스티커사이즈,투터치재단,76,46,70,40,76,46,-,-,국,국2절 판,아그파판,670*550
투명스티커,80*50,스티커사이즈,투터치재단,86,56,80,50,86,56,-,-,국,국2절 판,아그파판,670*550
투명스티커,90*55,스티커사이즈,투터치재단,96,61,90,55,96,61,-,-,국,국2절 판,아그파판,670*550
투명스티커,90*60,스티커사이즈,투터치재단,96,66,90,60,96,66,-,-,국,국2절 판,아그파판,670*550
투명스티커,90*70,스티커사이즈,투터치재단,96,76,90,70,96,76,-,-,국,국2절 판,아그파판,670*550
투명스티커,90*80,스티커사이즈,투터치재단,96,86,90,80,96,86,-,-,국,국2절 판,아그파판,670*550
투명스티커,90*90,스티커사이즈,투터치재단,96,96,90,90,96,96,-,-,국,국2절 판,아그파판,670*550
투명스티커,90*100,스티커사이즈,투터치재단,96,106,90,100,96,106,-,-,국,국2절 판,아그파판,670*550
투명스티커,90*110,스티커사이즈,투터치재단,96,116,90,110,96,116,-,-,국,국2절 판,아그파판,670*550
투명스티커,90*120,스티커사이즈,투터치재단,96,126,90,120,96,126,-,-,국,국2절 판,아그파판,670*550
투명스티커,90*130,스티커사이즈,투터치재단,96,136,90,130,96,136,-,-,국,국2절 판,아그파판,670*550
투명스티커,90*140,스티커사이즈,투터치재단,96,146,90,140,96,146,-,-,국,국2절 판,아그파판,670*550
투명스티커,90*150,스티커사이즈,투터치재단,96,156,90,150,96,156,-,-,국,국2절 판,아그파판,670*550
자석스티커 사각귀돌이,38*55,스티커사이즈,투터치재단,42,59,38,55,42,59,-,-,외주,외주,외주,외주
자석스티커 사각귀돌이,41*60,스티커사이즈,투터치재단,45,64,41,60,45,64,-,-,외주,외주,외주,외주
자석스티커 사각귀돌이,44*65,스티커사이즈,투터치재단,48,69,44,65,48,69,-,-,외주,외주,외주,외주
자석스티커 사각귀돌이,55*80,스티커사이즈,투터치재단,59,84,55,80,59,84,-,-,외주,외주,외주,외주
자석스티커 사각귀돌이,65*90,스티커사이즈,투터치재단,69,94,65,90,69,94,-,-,외주,외주,외주,외주
자석스티커 사각귀돌이,45*45,스티커사이즈,투터치재단,49,49,45,45,49,49,-,-,외주,외주,외주,외주
자석스티커 사각귀돌이,50*50,스티커사이즈,투터치재단,54,54,50,50,54,54,-,-,외주,외주,외주,외주
자석스티커 사각귀돌이,55*55,스티커사이즈,투터치재단,59,59,55,55,59,59,-,-,외주,외주,외주,외주
자석스티커 사각귀돌이,65*65,스티커사이즈,투터치재단,69,69,65,65,69,69,-,-,외주,외주,외주,외주
자석스티커 사각귀돌이,70*70,스티커사이즈,투터치재단,74,74,70,70,74,74,-,-,외주,외주,외주,외주
자석스티커 사각귀돌이,90*90,스티커사이즈,투터치재단,94,94,90,90,94,94,-,-,외주,외주,외주,외주
모조지 스티커,60*40,스티커사이즈,원터치재단,60,40,60,40,54,34,-,-,국,국2절 판,아그파판,670*550
모조지 스티커,70*40,스티커사이즈,원터치재단,70,40,70,40,64,34,-,-,국,국2절 판,아그파판,670*550
모조지 스티커,80*50,스티커사이즈,원터치재단,80,50,80,50,74,44,-,-,국,국2절 판,아그파판,670*550
모조지 스티커,90*55,스티커사이즈,원터치재단,90,55,90,55,84,49,-,-,국,국2절 판,아그파판,670*550
모조지 스티커,90*60,스티커사이즈,원터치재단,90,60,90,60,84,54,-,-,국,국2절 판,아그파판,670*550
모조지 스티커,90*70,스티커사이즈,원터치재단,90,70,90,70,84,64,-,-,국,국2절 판,아그파판,670*550
모조지 스티커,90*80,스티커사이즈,원터치재단,90,80,90,80,84,74,-,-,국,국2절 판,아그파판,670*550
모조지 스티커,90*90,스티커사이즈,원터치재단,90,90,90,90,84,84,-,-,국,국2절 판,아그파판,670*550
모조지 스티커,90*100,스티커사이즈,원터치재단,90,100,90,100,84,94,-,-,국,국2절 판,아그파판,670*550
모조지 스티커,90*110,스티커사이즈,원터치재단,90,110,90,110,84,104,-,-,국,국2절 판,아그파판,670*550
모조지 스티커,90*120,스티커사이즈,원터치재단,90,120,90,120,84,114,-,-,국,국2절 판,아그파판,670*550
모조지 스티커,90*130,스티커사이즈,원터치재단,90,130,90,130,84,124,-,-,국,국2절 판,아그파판,670*550
모조지 스티커,90*140,스티커사이즈,원터치재단,90,140,90,140,84,134,-,-,국,국2절 판,아그파판,670*550
모조지 스티커,90*150,스티커사이즈,원터치재단,90,150,90,150,84,144,-,-,국,국2절 판,아그파판,670*550
모조지 스티커,60*40,스티커사이즈,투터치재단,66,46,60,40,66,46,-,-,국,국2절 판,아그파판,670*550
모조지 스티커,70*40,스티커사이즈,투터치재단,76,46,70,40,76,46,-,-,국,국2절 판,아그파판,670*550
모조지 스티커,80*50,스티커사이즈,투터치재단,86,56,80,50,86,56,-,-,국,국2절 판,아그파판,670*550
모조지 스티커,90*55,스티커사이즈,투터치재단,96,61,90,55,96,61,-,-,국,국2절 판,아그파판,670*550
모조지 스티커,90*60,스티커사이즈,투터치재단,96,66,90,60,96,66,-,-,국,국2절 판,아그파판,670*550
모조지 스티커,90*70,스티커사이즈,투터치재단,96,76,90,70,96,76,-,-,국,국2절 판,아그파판,670*550
모조지 스티커,90*80,스티커사이즈,투터치재단,96,86,90,80,96,86,-,-,국,국2절 판,아그파판,670*550
모조지 스티커,90*90,스티커사이즈,투터치재단,96,96,90,90,96,96,-,-,국,국2절 판,아그파판,670*550
모조지 스티커,90*100,스티커사이즈,투터치재단,96,106,90,100,96,106,-,-,국,국2절 판,아그파판,670*550
모조지 스티커,90*110,스티커사이즈,투터치재단,96,116,90,110,96,116,-,-,국,국2절 판,아그파판,670*550
모조지 스티커,90*120,스티커사이즈,투터치재단,96,126,90,120,96,126,-,-,국,국2절 판,아그파판,670*550
모조지 스티커,90*130,스티커사이즈,투터치재단,96,136,90,130,96,136,-,-,국,국2절 판,아그파판,670*550
모조지 스티커,90*140,스티커사이즈,투터치재단,96,146,90,140,96,146,-,-,국,국2절 판,아그파판,670*550
모조지 스티커,90*150,스티커사이즈,투터치재단,96,156,90,150,96,156,-,-,국,국2절 판,아그파판,670*550
원형,72*46,스티커사이즈,C-10,72,46,72,46,-,-,10,10,46,2절 8개판,아그파판,760*635
원형,77*49,스티커사이즈,C-11,77,49,77,49,-,-,11,11,46,2절 8개판,아그파판,760*635
원형,82*52,스티커사이즈,C-12,82,52,82,52,-,-,12,12,46,2절 8개판,아그파판,760*635
원형,87*55,스티커사이즈,C-13,87,55,87,55,-,-,13,13,46,2절 8개판,아그파판,760*635
원형,75*41,스티커사이즈,C-14,75,41,75,41,-,-,14,14,46,2절 8개판,아그파판,760*635
원형,79*43,스티커사이즈,C-15,79,43,79,43,-,-,15,15,46,2절 8개판,아그파판,760*635
원형,83*45,스티커사이즈,C-16,83,45,83,45,-,-,16,16,46,2절 8개판,아그파판,760*635
원형,87*47,스티커사이즈,C-17,87,47,87,47,-,-,17,17,46,2절 8개판,아그파판,760*635
원형,70*49,스티커사이즈,C-18,70,49,70,49,-,-,18,18,46,2절 8개판,아그파판,760*635
원형,73*51,스티커사이즈,C-19,73,51,73,51,-,-,19,19,46,2절 8개판,아그파판,760*635
원형,77*53,스티커사이즈,C-20,77,53,77,53,-,-,20,20,46,2절 8개판,아그파판,760*635
원형,79*55,스티커사이즈,C-21,79,55,79,55,-,-,21,21,46,2절 8개판,아그파판,760*635
원형,82*57,스티커사이즈,C-22,82,57,82,57,-,-,22,22,46,2절 8개판,아그파판,760*635
원형,91*35,스티커사이즈,C-25,91,35,91,35,-,-,25,25,46,2절 8개판,아그파판,760*635
원형,100*38,스티커사이즈,C-28,100,38,100,38,-,-,28,28,46,2절 8개판,아그파판,760*635
원형,73*40,스티커사이즈,C-30,73,40,73,40,-,-,30,30,46,2절 8개판,아그파판,760*635
원형,79*43,스티커사이즈,C-33,79,43,79,43,-,-,33,33,46,2절 8개판,아그파판,760*635
원형,83*45,스티커사이즈,C-35,83,45,83,45,-,-,35,35,46,2절 8개판,아그파판,760*635
원형,89*48,스티커사이즈,C-38,89,48,89,48,-,-,38,38,46,2절 8개판,아그파판,760*635
원형,93*50,스티커사이즈,C-40,93,50,93,50,-,-,40,40,46,2절 8개판,아그파판,760*635
원형,53*53,스티커사이즈,C-43,53,53,53,53,-,-,43,43,46,2절 8개판,아그파판,760*635
원형,55*55,스티커사이즈,C-45,55,55,55,55,-,-,45,45,46,2절 8개판,아그파판,760*635
원형,58*58,스티커사이즈,C-48,58,58,58,58,-,-,48,48,46,2절 8개판,아그파판,760*635
원형,60*60,스티커사이즈,C-50,60,60,60,60,-,-,50,50,46,2절 8개판,아그파판,760*635
원형,65*65,스티커사이즈,C-55,65,65,65,65,-,-,55,55,46,2절 8개판,아그파판,760*635
원형,70*70,스티커사이즈,C-60,70,70,70,70,-,-,60,60,46,2절 8개판,아그파판,760*635
원형,75*75,스티커사이즈,C-65,75,75,75,75,-,-,65,65,46,2절 8개판,아그파판,760*635
원형,127*127,스티커사이즈,CD,127,127,127,127,-,-,117,117,46,2절 8개판,아그파판,760*635
반원형,72*40,스티커사이즈,HC-10,72,40,72,40,-,-,10,8,46,2절 8개판,아그파판,760*635
반원형,77*49,스티커사이즈,HC-11,77,49,77,49,-,-,11,9,46,2절 8개판,아그파판,760*635
반원형,82*46,스티커사이즈,HC-12,82,46,82,46,-,-,12,10,46,2절 8개판,아그파판,760*635
반원형,87*49,스티커사이즈,HC-13,87,49,87,49,-,-,13,11,46,2절 8개판,아그파판,760*635
반원형,75*37,스티커사이즈,HC-14,75,37,75,37,-,-,14,12,46,2절 8개판,아그파판,760*635
반원형,79*39,스티커사이즈,HC-15,79,39,79,39,-,-,15,13,46,2절 8개판,아그파판,760*635
반원형,83*41,스티커사이즈,HC-16,83,41,83,41,-,-,16,14,46,2절 8개판,아그파판,760*635
반원형,87*43,스티커사이즈,HC-17,87,43,87,43,-,-,17,15,46,2절 8개판,아그파판,760*635
반원형,70*45,스티커사이즈,HC-18,70,45,70,45,-,-,18,16,46,2절 8개판,아그파판,760*635
반원형,73*47,스티커사이즈,HC-19,73,47,73,47,-,-,19,17,46,2절 8개판,아그파판,760*635
반원형,76*49,스티커사이즈,HC-20,76,49,76,49,-,-,20,18,46,2절 8개판,아그파판,760*635
반원형,79*51,스티커사이즈,HC-21,79,51,79,51,-,-,21,19,46,2절 8개판,아그파판,760*635
반원형,82*53,스티커사이즈,HC-22,82,53,82,53,-,-,22,20,46,2절 8개판,아그파판,760*635
반원형,91*33,스티커사이즈,HC-25,91,33,91,33,-,-,25,23,46,2절 8개판,아그파판,760*635
반원형,100*36,스티커사이즈,HC-28,100,36,100,36,-,-,28,26,46,2절 8개판,아그파판,760*635
반원형,73*38,스티커사이즈,HC-30,73,38,73,38,-,-,30,28,46,2절 8개판,아그파판,760*635
반원형,79*41,스티커사이즈,HC-33,79,41,79,41,-,-,33,31,46,2절 8개판,아그파판,760*635
반원형,83*43,스티커사이즈,HC-35,83,43,83,43,-,-,35,33,46,2절 8개판,아그파판,760*635
반원형,89*46,스티커사이즈,HC-38,89,46,89,46,-,-,38,36,46,2절 8개판,아그파판,760*635
반원형,93*48,스티커사이즈,HC-40,93,48,93,48,-,-,40,38,46,2절 8개판,아그파판,760*635
반원형,53*51,스티커사이즈,HC-43,53,51,53,51,-,-,43,41,46,2절 8개판,아그파판,760*635
반원형,55*53,스티커사이즈,HC-45,55,53,55,53,-,-,45,43,46,2절 8개판,아그파판,760*635
반원형,58*56,스티커사이즈,HC-48,58,56,58,56,-,-,48,46,46,2절 8개판,아그파판,760*635
반원형,60*58,스티커사이즈,HC-50,60,58,60,58,-,-,50,48,46,2절 8개판,아그파판,760*635
반원형,65*63,스티커사이즈,HC-55,65,63,65,63,-,-,55,53,46,2절 8개판,아그파판,760*635
반원형,70*68,스티커사이즈,HC-60,70,68,70,68,-,-,60,58,46,2절 8개판,아그파판,760*635
반원형,75*73,스티커사이즈,HC-65,75,73,75,73,-,-,65,63,46,2절 8개판,아그파판,760*635
타원형,60*53,스티커사이즈,O-5020,60,53,60,53,-,-,50,20,46,2절 8개판,아그파판,760*635
타원형,60*63,스티커사이즈,O-5025,60,63,60,63,-,-,50,25,46,2절 8개판,아그파판,760*635
타원형,73*60,스티커사이즈,O-5030,73,60,73,60,-,-,50,30,46,2절 8개판,아그파판,760*635
타원형,65*63,스티커사이즈,O-5525,65,63,65,63,-,-,55,25,46,2절 8개판,아그파판,760*635
타원형,65*73,스티커사이즈,O-5530,65,73,65,73,-,-,55,30,46,2절 8개판,아그파판,760*635
타원형,70*63,스티커사이즈,O-6025,70,63,70,63,-,-,60,25,46,2절 8개판,아그파판,760*635
타원형,70*73,스티커사이즈,O-6030,70,73,70,73,-,-,60,30,46,2절 8개판,아그파판,760*635
정사각형,72*46,스티커사이즈,S-10,72,46,72,46,-,-,10,10,46,2절 8개판,아그파판,760*635
정사각형,77*49,스티커사이즈,S-11,77,49,77,49,-,-,11,11,46,2절 8개판,아그파판,760*635
정사각형,82*52,스티커사이즈,S-12,82,52,82,52,-,-,12,12,46,2절 8개판,아그파판,760*635
정사각형,78*55,스티커사이즈,S-13,78,55,78,55,-,-,13,13,46,2절 8개판,아그파판,760*635
정사각형,75*41,스티커사이즈,S-14,75,41,75,41,-,-,14,14,46,2절 8개판,아그파판,760*635
정사각형,79*43,스티커사이즈,S-15,79,43,79,43,-,-,15,15,46,2절 8개판,아그파판,760*635
정사각형,83*45,스티커사이즈,S-16,83,45,83,45,-,-,16,16,46,2절 8개판,아그파판,760*635
정사각형,87*47,스티커사이즈,S-17,87,47,87,47,-,-,17,17,46,2절 8개판,아그파판,760*635
정사각형,70*49,스티커사이즈,S-18,70,49,70,49,-,-,18,18,46,2절 8개판,아그파판,760*635
정사각형,73*51,스티커사이즈,S-19,73,51,73,51,-,-,19,19,46,2절 8개판,아그파판,760*635
정사각형,77*53,스티커사이즈,S-20,77,53,77,53,-,-,20,20,46,2절 8개판,아그파판,760*635
정사각형,79*55,스티커사이즈,S-21,79,55,79,55,-,-,21,21,46,2절 8개판,아그파판,760*635
정사각형,82*57,스티커사이즈,S-22,82,57,82,57,-,-,22,22,46,2절 8개판,아그파판,760*635
정사각형,91*35,스티커사이즈,S-25,91,35,91,35,-,-,25,25,46,2절 8개판,아그파판,760*635
정사각형,100*38,스티커사이즈,S-28,100,38,100,38,-,-,28,28,46,2절 8개판,아그파판,760*635
정사각형,73*40,스티커사이즈,S-30,73,40,73,40,-,-,30,30,46,2절 8개판,아그파판,760*635
정사각형,79*43,스티커사이즈,S-33,79,43,79,43,-,-,33,33,46,2절 8개판,아그파판,760*635
정사각형,83*45,스티커사이즈,S-35,83,45,83,45,-,-,35,35,46,2절 8개판,아그파판,760*635
정사각형,89*48,스티커사이즈,S-38,89,48,89,48,-,-,38,38,46,2절 8개판,아그파판,760*635
정사각형,93*53,스티커사이즈,S-40,93,53,93,53,-,-,40,40,46,2절 8개판,아그파판,760*635
정사각형,53*53,스티커사이즈,S-43,53,53,53,53,-,-,43,43,46,2절 8개판,아그파판,760*635
정사각형,55*55,스티커사이즈,S-45,55,55,55,55,-,-,45,45,46,2절 8개판,아그파판,760*635
정사각형,58*58,스티커사이즈,S-48,58,58,58,58,-,-,48,48,46,2절 8개판,아그파판,760*635
정사각형,60*60,스티커사이즈,S-50,60,60,60,60,-,-,50,50,46,2절 8개판,아그파판,760*635
정사각형,65*65,스티커사이즈,S-55,65,65,65,65,-,-,55,55,46,2절 8개판,아그파판,760*635
정사각형,70*70,스티커사이즈,S-60,70,70,70,70,-,-,60,60,46,2절 8개판,아그파판,760*635
정사각형,75*75,스티커사이즈,S-65,75,75,75,75,-,-,65,65,46,2절 8개판,아그파판,760*635
직사각형,60*47,스티커사이즈,R-5017,60,47,60,47,-,-,50,17,46,2절 8개판,아그파판,760*635
직사각형,60*53,스티커사이즈,R-5020,60,53,60,53,-,-,50,20,46,2절 8개판,아그파판,760*635
직사각형,73*60,스티커사이즈,R-5030,73,60,73,60,-,-,50,30,46,2절 8개판,아그파판,760*635
직사각형,53*52,스티커사이즈,R-4220,53,52,53,52,-,-,42,20,46,2절 8개판,아그파판,760*635
직사각형,59*52,스티커사이즈,R-4223,59,52,59,52,-,-,42,23,46,2절 8개판,아그파판,760*635
직사각형,65*43,스티커사이즈,R-5515,65,43,65,43,-,-,55,15,46,2절 8개판,아그파판,760*635
직사각형,65*47,스티커사이즈,R-5517,65,47,65,47,-,-,55,17,46,2절 8개판,아그파판,760*635
직사각형,65*53,스티커사이즈,R-5520,65,53,65,53,-,-,55,20,46,2절 8개판,아그파판,760*635
직사각형,65*61,스티커사이즈,R-5524,65,61,65,61,-,-,55,24,46,2절 8개판,아그파판,760*635
직사각형,79*65,스티커사이즈,R-5533,79,65,79,65,-,-,55,33,46,2절 8개판,아그파판,760*635
직사각형,45*63,스티커사이즈,R-3525,45,63,45,63,-,-,35,25,46,2절 8개판,아그파판,760*635
직사각형,50*73,스티커사이즈,R-4030,50,73,50,73,-,-,40,30,46,2절 8개판,아그파판,760*635
하트형,72*45,스티커사이즈,HS-10,72,45,72,45,-,-,10,10,46,2절 8개판,아그파판,760*635
하트형,77*49,스티커사이즈,HS-11,77,49,77,49,-,-,11,11,46,2절 8개판,아그파판,760*635
하트형,82*52,스티커사이즈,HS-12,82,52,82,52,-,-,12,12,46,2절 8개판,아그파판,760*635
하트형,87*55,스티커사이즈,HS-13,87,55,87,55,-,-,13,13,46,2절 8개판,아그파판,760*635
하트형,75*41,스티커사이즈,HS-14,75,41,75,41,-,-,14,14,46,2절 8개판,아그파판,760*635
하트형,79*43,스티커사이즈,HS-15,79,43,79,43,-,-,15,15,46,2절 8개판,아그파판,760*635
하트형,83*45,스티커사이즈,HS-16,83,45,83,45,-,-,16,16,46,2절 8개판,아그파판,760*635
하트형,87*47,스티커사이즈,HS-17,87,47,87,47,-,-,17,17,46,2절 8개판,아그파판,760*635
하트형,70*49,스티커사이즈,HS-18,70,49,70,49,-,-,18,18,46,2절 8개판,아그파판,760*635
하트형,73*51,스티커사이즈,HS-19,73,51,73,51,-,-,19,19,46,2절 8개판,아그파판,760*635
하트형,77*53,스티커사이즈,HS-20,77,53,77,53,-,-,20,20,46,2절 8개판,아그파판,760*635
하트형,79*55,스티커사이즈,HS-21,79,55,79,55,-,-,21,21,46,2절 8개판,아그파판,760*635
하트형,82*57,스티커사이즈,HS-22,82,57,82,57,-,-,22,22,46,2절 8개판,아그파판,760*635
하트형,91*35,스티커사이즈,HS-25,91,35,91,35,-,-,25,25,46,2절 8개판,아그파판,760*635
하트형,100*38,스티커사이즈,HS-28,100,38,100,38,-,-,28,28,46,2절 8개판,아그파판,760*635
하트형,73*40,스티커사이즈,HS-30,73,40,73,40,-,-,30,30,46,2절 8개판,아그파판,760*635
하트형,79*43,스티커사이즈,HS-33,79,43,79,43,-,-,33,33,46,2절 8개판,아그파판,760*635
하트형,83*45,스티커사이즈,HS-35,83,45,83,45,-,-,35,35,46,2절 8개판,아그파판,760*635
하트형,89*48,스티커사이즈,HS-38,89,48,89,48,-,-,38,38,46,2절 8개판,아그파판,760*635
하트형,93*50,스티커사이즈,HS-40,93,50,93,50,-,-,40,40,46,2절 8개판,아그파판,760*635
하트형,53*53,스티커사이즈,HS-43,53,53,53,53,-,-,43,43,46,2절 8개판,아그파판,760*635
하트형,55*55,스티커사이즈,HS-45,55,55,55,55,-,-,45,45,46,2절 8개판,아그파판,760*635
하트형,58*58,스티커사이즈,HS-48,58,58,58,58,-,-,48,48,46,2절 8개판,아그파판,760*635
하트형,60*60,스티커사이즈,HS-50,60,60,60,60,-,-,50,50,46,2절 8개판,아그파판,760*635
하트형,65*65,스티커사이즈,HS-55,65,65,65,65,-,-,55,55,46,2절 8개판,아그파판,760*635
하트형,70*70,스티커사이즈,HS-60,70,70,70,70,-,-,60,60,46,2절 8개판,아그파판,760*635
하트형,75*75,스티커사이즈,HS-65,75,75,75,75,-,-,65,65,46,2절 8개판,아그파판,760*635
보험 도무송형스티커,50*17,스티커사이즈,보험-5017,54,21,54,21,-,-,50,17,46,2절 8개판,아그파판,760*635
보험 도무송형스티커,50*20,스티커사이즈,보험-5020,54,24,54,24,-,-,50,20,46,2절 8개판,아그파판,760*635
보험 도무송형스티커,55*24,스티커사이즈,보험-5524,59,28,59,28,-,-,55,24,46,2절 8개판,아그파판,760*635
보험 도무송형스티커,55*33,스티커사이즈,보험-5533,59,37,59,37,-,-,55,33,46,2절 8개판,아그파판,760*635
비디오/카세트,77*45,스티커사이즈,비디오1,87,103,77,45,-,-,77,45,46,2절 8개판,아그파판,760*635
비디오/카세트,148*19,스티커사이즈,비디오1,158,51,148,19,-,-,148,19,46,2절 8개판,아그파판,760*635
비디오/카세트,88*40,스티커사이즈,카세트,98,93,88,40,-,-,88,40,46,2절 8개판,아그파판,760*635
비디오/카세트,117*117,스티커사이즈,CD,127,127,117,117,-,-,117,117,46,2절 8개판,아그파판,760*635
자석오프너,65*65,스티커사이즈,자석오프너,69,69,65,65,-,-,65,65,외주,외주,외주,외주
자유형,유형1,스티커사이즈,유형1,0,0,0,0,-,-,0,0,46,2절 8개판,아그파판,760*635
자유형,유형2,스티커사이즈,유형2,0,0,0,0,-,-,0,0,46,2절 8개판,아그파판,760*635
자유형,유형3,스티커사이즈,유형3,0,0,0,0,-,-,0,0,46,2절 8개판,아그파판,760*635
자유형,유형4,스티커사이즈,유형4,0,0,0,0,-,-,0,0,46,2절 8개판,아그파판,760*635
아트지 합판전단,A1,전단사이즈,투터치재단,600,852,597,849,-,-,-,-,국,국2절 판,아그파판,670*550
아트지 합판전단,A2,전단사이즈,투터치재단,426,600,423,597,-,-,-,-,국,국2절 판,아그파판,670*550
아트지 합판전단,A3,전단사이즈,투터치재단,426,300,423,297,-,-,-,-,국,국2절 판,아그파판,670*550
아트지 합판전단,A4,전단사이즈,투터치재단,213,300,210,297,-,-,-,-,국,국2절 판,아그파판,670*550
아트지 합판전단,A5,전단사이즈,투터치재단,213,150,210,147,-,-,-,-,국,국2절 판,아그파판,670*550
아트지 합판전단,A6,전단사이즈,투터치재단,106,150,103,147,-,-,-,-,국,국2절 판,아그파판,670*550
아트지 합판전단,2절,전단사이즈,투터치재단,740,520,737,517,-,-,-,-,46,2절 8개판,아그파판,760*635
아트지 합판전단,4절,전단사이즈,투터치재단,370,520,367,517,-,-,-,-,46,2절 8개판,아그파판,760*635
아트지 합판전단,8절,전단사이즈,투터치재단,370,260,367,257,-,-,-,-,46,2절 8개판,아그파판,760*635
아트지 합판전단,16절,전단사이즈,투터치재단,185,260,182,257,-,-,-,-,46,2절 8개판,아그파판,760*635
아트지 합판전단,32절,전단사이즈,투터치재단,185,130,182,127,-,-,-,-,46,2절 8개판,아그파판,760*635
아트지 합판전단,64절,전단사이즈,투터치재단,92,130,89,127,-,-,-,-,46,2절 8개판,아그파판,760*635
모조지 합판전단,A1,전단사이즈,투터치재단,600,852,597,849,-,-,-,-,국,국2절 판,아그파판,670*550
모조지 합판전단,A2,전단사이즈,투터치재단,426,600,423,597,-,-,-,-,국,국2절 판,아그파판,670*550
모조지 합판전단,A3,전단사이즈,투터치재단,426,300,423,297,-,-,-,-,국,국2절 판,아그파판,670*550
모조지 합판전단,A4,전단사이즈,투터치재단,213,300,210,297,-,-,-,-,국,국2절 판,아그파판,670*550
모조지 합판전단,A5,전단사이즈,투터치재단,213,150,210,147,-,-,-,-,국,국2절 판,아그파판,670*550
모조지 합판전단,A6,전단사이즈,투터치재단,106,150,103,147,-,-,-,-,국,국2절 판,아그파판,670*550
모조지 합판전단,2절,전단사이즈,투터치재단,740,520,737,517,-,-,-,-,46,2절 8개판,아그파판,760*635
모조지 합판전단,4절,전단사이즈,투터치재단,370,520,367,517,-,-,-,-,46,2절 8개판,아그파판,760*635
모조지 합판전단,8절,전단사이즈,투터치재단,370,260,367,257,-,-,-,-,46,2절 8개판,아그파판,760*635
모조지 합판전단,16절,전단사이즈,투터치재단,185,260,182,257,-,-,-,-,46,2절 8개판,아그파판,760*635
모조지 합판전단,32절,전단사이즈,투터치재단,185,130,182,127,-,-,-,-,46,2절 8개판,아그파판,760*635
모조지 합판전단,64절,전단사이즈,투터치재단,92,130,89,127,-,-,-,-,46,2절 8개판,아그파판,760*635
일반지 독판전단,A1,전단사이즈,투터치재단,600,852,597,849,-,-,-,-,국,국2절 판,아그파판,670*550
일반지 독판전단,A2,전단사이즈,투터치재단,426,600,423,597,-,-,-,-,국,국2절 판,아그파판,670*550
일반지 독판전단,A3,전단사이즈,투터치재단,426,300,423,297,-,-,-,-,국,국2절 판,아그파판,670*550
일반지 독판전단,A4,전단사이즈,투터치재단,213,300,210,297,-,-,-,-,국,국2절 판,아그파판,670*550
일반지 독판전단,A5,전단사이즈,투터치재단,213,150,210,147,-,-,-,-,국,국2절 판,아그파판,670*550
일반지 독판전단,A6,전단사이즈,투터치재단,106,150,103,147,-,-,-,-,국,국2절 판,아그파판,670*550
일반지 독판전단,2절,전단사이즈,투터치재단,740,520,737,517,-,-,-,-,46,2절 8개판,아그파판,760*635
일반지 독판전단,4절,전단사이즈,투터치재단,370,520,367,517,-,-,-,-,46,2절 8개판,아그파판,760*635
일반지 독판전단,8절,전단사이즈,투터치재단,370,260,367,257,-,-,-,-,46,2절 8개판,아그파판,760*635
일반지 독판전단,16절,전단사이즈,투터치재단,185,260,182,257,-,-,-,-,46,2절 8개판,아그파판,760*635
일반지 독판전단,32절,전단사이즈,투터치재단,185,130,182,127,-,-,-,-,46,2절 8개판,아그파판,760*635
일반지 독판전단,64절,전단사이즈,투터치재단,92,130,89,127,-,-,-,-,46,2절 8개판,아그파판,760*635
고급지 독판전단,A1,전단사이즈,투터치재단,600,852,597,849,-,-,-,-,국,국2절 판,아그파판,670*550
고급지 독판전단,A2,전단사이즈,투터치재단,426,600,423,597,-,-,-,-,국,국2절 판,아그파판,670*550
고급지 독판전단,A3,전단사이즈,투터치재단,426,300,423,297,-,-,-,-,국,국2절 판,아그파판,670*550
고급지 독판전단,A4,전단사이즈,투터치재단,213,300,210,297,-,-,-,-,국,국2절 판,아그파판,670*550
고급지 독판전단,A5,전단사이즈,투터치재단,213,150,210,147,-,-,-,-,국,국2절 판,아그파판,670*550
고급지 독판전단,A6,전단사이즈,투터치재단,106,150,103,147,-,-,-,-,국,국2절 판,아그파판,670*550
고급지 독판전단,2절,전단사이즈,투터치재단,740,520,737,517,-,-,-,-,46,2절 8개판,아그파판,760*635
고급지 독판전단,4절,전단사이즈,투터치재단,370,520,367,517,-,-,-,-,46,2절 8개판,아그파판,760*635
고급지 독판전단,8절,전단사이즈,투터치재단,370,260,367,257,-,-,-,-,46,2절 8개판,아그파판,760*635
고급지 독판전단,16절,전단사이즈,투터치재단,185,260,182,257,-,-,-,-,46,2절 8개판,아그파판,760*635
고급지 독판전단,32절,전단사이즈,투터치재단,185,130,182,127,-,-,-,-,46,2절 8개판,아그파판,760*635
고급지 독판전단,64절,전단사이즈,투터치재단,92,130,89,127,-,-,-,-,46,2절 8개판,아그파판,760*635
특수지 독판전단,A1,전단사이즈,투터치재단,600,852,597,849,-,-,-,-,국,국2절 판,아그파판,670*550
특수지 독판전단,A2,전단사이즈,투터치재단,426,600,423,597,-,-,-,-,국,국2절 판,아그파판,670*550
특수지 독판전단,A3,전단사이즈,투터치재단,426,300,423,297,-,-,-,-,국,국2절 판,아그파판,670*550
특수지 독판전단,A4,전단사이즈,투터치재단,213,300,210,297,-,-,-,-,국,국2절 판,아그파판,670*550
특수지 독판전단,A5,전단사이즈,투터치재단,213,150,210,147,-,-,-,-,국,국2절 판,아그파판,670*550
특수지 독판전단,A6,전단사이즈,투터치재단,106,150,103,147,-,-,-,-,국,국2절 판,아그파판,670*550
특수지 독판전단,2절,전단사이즈,투터치재단,740,520,737,517,-,-,-,-,46,2절 8개판,아그파판,760*635
특수지 독판전단,4절,전단사이즈,투터치재단,370,520,367,517,-,-,-,-,46,2절 8개판,아그파판,760*635
특수지 독판전단,8절,전단사이즈,투터치재단,370,260,367,257,-,-,-,-,46,2절 8개판,아그파판,760*635
특수지 독판전단,16절,전단사이즈,투터치재단,185,260,182,257,-,-,-,-,46,2절 8개판,아그파판,760*635
특수지 독판전단,32절,전단사이즈,투터치재단,185,130,182,127,-,-,-,-,46,2절 8개판,아그파판,760*635
특수지 독판전단,64절,전단사이즈,투터치재단,92,130,89,127,-,-,-,-,46,2절 8개판,아그파판,760*635
수입지 독판전단,A1,전단사이즈,투터치재단,600,852,597,849,-,-,-,-,국,국2절 판,아그파판,670*550
수입지 독판전단,A2,전단사이즈,투터치재단,426,600,423,597,-,-,-,-,국,국2절 판,아그파판,670*550
수입지 독판전단,A3,전단사이즈,투터치재단,426,300,423,297,-,-,-,-,국,국2절 판,아그파판,670*550
수입지 독판전단,A4,전단사이즈,투터치재단,213,300,210,297,-,-,-,-,국,국2절 판,아그파판,670*550
수입지 독판전단,A5,전단사이즈,투터치재단,213,150,210,147,-,-,-,-,국,국2절 판,아그파판,670*550
수입지 독판전단,A6,전단사이즈,투터치재단,106,150,103,147,-,-,-,-,국,국2절 판,아그파판,670*550
수입지 독판전단,2절,전단사이즈,투터치재단,740,520,737,517,-,-,-,-,46,2절 8개판,아그파판,760*635
수입지 독판전단,4절,전단사이즈,투터치재단,370,520,367,517,-,-,-,-,46,2절 8개판,아그파판,760*635
수입지 독판전단,8절,전단사이즈,투터치재단,370,260,367,257,-,-,-,-,46,2절 8개판,아그파판,760*635
수입지 독판전단,16절,전단사이즈,투터치재단,185,260,182,257,-,-,-,-,46,2절 8개판,아그파판,760*635
수입지 독판전단,32절,전단사이즈,투터치재단,185,130,182,127,-,-,-,-,46,2절 8개판,아그파판,760*635
수입지 독판전단,64절,전단사이즈,투터치재단,92,130,89,127,-,-,-,-,46,2절 8개판,아그파판,760*635
일반지 카다로그,A3,광고홍보물사이즈,투터치재단,426,300,423,297,-,-,-,-,국,국2절 판,아그파판,670*550
일반지 카다로그,A4,광고홍보물사이즈,투터치재단,213,303,210,300,-,-,-,-,국,국2절 판,아그파판,670*550
일반지 카다로그,A5,광고홍보물사이즈,투터치재단,213,150,210,147,-,-,-,-,국,국2절 판,아그파판,670*550
일반지 카다로그,8절,광고홍보물사이즈,투터치재단,370,260,367,257,-,-,-,-,46,2절 8개판,아그파판,760*635
일반지 카다로그,16절,광고홍보물사이즈,투터치재단,185,260,182,257,-,-,-,-,46,2절 8개판,아그파판,760*635
일반지 카다로그,32절,광고홍보물사이즈,투터치재단,185,130,182,127,-,-,-,-,46,2절 8개판,아그파판,760*635
고급지 카다로그,A3,광고홍보물사이즈,투터치재단,426,300,423,297,-,-,-,-,국,국2절 판,아그파판,670*550
고급지 카다로그,A4,광고홍보물사이즈,투터치재단,213,303,210,300,-,-,-,-,국,국2절 판,아그파판,670*550
고급지 카다로그,A5,광고홍보물사이즈,투터치재단,213,150,210,147,-,-,-,-,국,국2절 판,아그파판,670*550
고급지 카다로그,8절,광고홍보물사이즈,투터치재단,370,260,367,257,-,-,-,-,46,2절 8개판,아그파판,760*635
고급지 카다로그,16절,광고홍보물사이즈,투터치재단,185,260,182,257,-,-,-,-,46,2절 8개판,아그파판,760*635
고급지 카다로그,32절,광고홍보물사이즈,투터치재단,185,130,182,127,-,-,-,-,46,2절 8개판,아그파판,760*635
특수지 카다로그,A3,광고홍보물사이즈,투터치재단,426,300,423,297,-,-,-,-,국,국2절 판,아그파판,670*550
특수지 카다로그,A4,광고홍보물사이즈,투터치재단,213,303,210,300,-,-,-,-,국,국2절 판,아그파판,670*550
특수지 카다로그,A5,광고홍보물사이즈,투터치재단,213,150,210,147,-,-,-,-,국,국2절 판,아그파판,670*550
특수지 카다로그,8절,광고홍보물사이즈,투터치재단,370,260,367,257,-,-,-,-,46,2절 8개판,아그파판,760*635
특수지 카다로그,16절,광고홍보물사이즈,투터치재단,185,260,182,257,-,-,-,-,46,2절 8개판,아그파판,760*635
특수지 카다로그,32절,광고홍보물사이즈,투터치재단,185,130,182,127,-,-,-,-,46,2절 8개판,아그파판,760*635
수입지 카다로그,A3,광고홍보물사이즈,투터치재단,426,300,423,297,-,-,-,-,국,국2절 판,아그파판,670*550
수입지 카다로그,A4,광고홍보물사이즈,투터치재단,213,303,210,300,-,-,-,-,국,국2절 판,아그파판,670*550
수입지 카다로그,A5,광고홍보물사이즈,투터치재단,213,150,210,147,-,-,-,-,국,국2절 판,아그파판,670*550
수입지 카다로그,8절,광고홍보물사이즈,투터치재단,370,260,367,257,-,-,-,-,46,2절 8개판,아그파판,760*635
수입지 카다로그,16절,광고홍보물사이즈,투터치재단,185,260,182,257,-,-,-,-,46,2절 8개판,아그파판,760*635
수입지 카다로그,32절,광고홍보물사이즈,투터치재단,185,130,182,127,-,-,-,-,46,2절 8개판,아그파판,760*635
일반지 책자 인쇄물,A3,광고홍보물사이즈,투터치재단,426,300,423,297,-,-,-,-,국,국2절 판,아그파판,670*550
일반지 책자 인쇄물,A4,광고홍보물사이즈,투터치재단,213,303,210,300,-,-,-,-,국,국2절 판,아그파판,670*550
일반지 책자 인쇄물,A5,광고홍보물사이즈,투터치재단,213,150,210,147,-,-,-,-,국,국2절 판,아그파판,670*550
일반지 책자 인쇄물,8절,광고홍보물사이즈,투터치재단,370,260,367,257,-,-,-,-,46,2절 8개판,아그파판,760*635
일반지 책자 인쇄물,16절,광고홍보물사이즈,투터치재단,185,260,182,257,-,-,-,-,46,2절 8개판,아그파판,760*635
일반지 책자 인쇄물,32절,광고홍보물사이즈,투터치재단,185,130,182,127,-,-,-,-,46,2절 8개판,아그파판,760*635
포스터,A1,광고홍보물사이즈,투터치재단,852,600,849,597,-,-,-,-,국,국2절 판,아그파판,670*550
포스터,A2,광고홍보물사이즈,투터치재단,426,600,423,597,-,-,-,-,국,국2절 판,아그파판,670*550
포스터,A3,광고홍보물사이즈,투터치재단,426,300,423,297,-,-,-,-,국,국2절 판,아그파판,670*550
포스터,2절,광고홍보물사이즈,투터치재단,740,520,737,517,-,-,-,-,46,2절 8개판,아그파판,760*635
포스터,4절,광고홍보물사이즈,투터치재단,370,520,367,517,-,-,-,-,46,2절 8개판,아그파판,760*635
포스터,8절,광고홍보물사이즈,투터치재단,370,260,367,257,-,-,-,-,46,2절 8개판,아그파판,760*635
리플렛/팜플렛,A3,광고홍보물사이즈,투터치재단,426,300,423,297,-,-,-,-,국,국2절 판,아그파판,670*550
리플렛/팜플렛,A4,광고홍보물사이즈,투터치재단,213,303,210,300,-,-,-,-,국,국2절 판,아그파판,670*550
리플렛/팜플렛,A5,광고홍보물사이즈,투터치재단,213,150,210,147,-,-,-,-,국,국2절 판,아그파판,670*550
리플렛/팜플렛,8절,광고홍보물사이즈,투터치재단,370,260,367,257,-,-,-,-,46,2절 8개판,아그파판,760*635
리플렛/팜플렛,16절,광고홍보물사이즈,투터치재단,185,260,182,257,-,-,-,-,46,2절 8개판,아그파판,760*635
리플렛/팜플렛,32절,광고홍보물사이즈,투터치재단,185,130,182,127,-,-,-,-,46,2절 8개판,아그파판,760*635
메뉴판,8절,광고홍보물사이즈,투터치재단,368,258,366,256,-,-,-,-,외주,외주,외주,외주
메뉴판,16절,광고홍보물사이즈,투터치재단,258,184,256,182,-,-,-,-,외주,외주,외주,외주
메뉴판,32절,광고홍보물사이즈,투터치재단,184,129,182,127,-,-,-,-,외주,외주,외주,외주
메뉴판,48절,광고홍보물사이즈,투터치재단,86,184,84,182,-,-,-,-,외주,외주,외주,외주
메뉴판,64절,광고홍보물사이즈,투터치재단,92,129,90,127,-,-,-,-,외주,외주,외주,외주
메뉴판,장16절,광고홍보물사이즈,투터치재단,129,368,127,366,-,-,-,-,외주,외주,외주,외주
메뉴판,장32절,광고홍보물사이즈,투터치재단,92,258,90,256,-,-,-,-,외주,외주,외주,외주
홀더,HD-001,광고홍보물사이즈,홀더1번,476,381,-,-,476,381,470,375,국,국2절 판,아그파판,670*550
홀더,HD-002,광고홍보물사이즈,홀더2번,496,381,-,-,496,381,490,375,국,국2절 판,아그파판,670*550
홀더,HD-003,광고홍보물사이즈,홀더3번,476,416,-,-,476,416,470,410,국,국2절 판,아그파판,670*550
홀더,HD-004,광고홍보물사이즈,홀더4번,496,416,-,-,496,416,490,410,국,국2절 판,아그파판,670*550
홀더,HD-005,광고홍보물사이즈,홀더5번,482,366,-,-,482,366,476,360,국,국2절 판,아그파판,670*550
홀더,HD-006,광고홍보물사이즈,홀더6번,451,366,-,-,451,366,445,360,국,국2절 판,아그파판,670*550
홀더,HD-007,광고홍보물사이즈,홀더7번,525,396,-,-,525,396,519,390,국,국2절 판,아그파판,670*550
홀더,HD-008,광고홍보물사이즈,홀더8번,471,430,-,-,471,430,465,424,국,국2절 판,아그파판,670*550
홀더,HD-009,광고홍보물사이즈,홀더9번,507,411,-,-,507,411,501,405,국,국2절 판,아그파판,670*550
홀더,HD-010,광고홍보물사이즈,홀더10번,475,388,-,-,475,388,469,382,국,국2절 판,아그파판,670*550
문어발,A4,광고홍보물사이즈,OT-501 발 4개 60×52.5,213,300,210,297,213,300,60,52.5,국,국2절 판,아그파판,670*550
문어발,A4,광고홍보물사이즈,OT-502 발 4개 70×52.5,213,300,210,297,213,300,70,52.5,국,국2절 판,아그파판,670*550
문어발,A4,광고홍보물사이즈,OT-503 발 4개 80×52.5,213,300,210,297,213,300,80,52.5,국,국2절 판,아그파판,670*550
문어발,A4,광고홍보물사이즈,OT-504 발 5개 60×42,213,300,210,297,213,300,60,42,국,국2절 판,아그파판,670*550
문어발,A4,광고홍보물사이즈,OT-505 발 5개 70×42,213,300,210,297,213,300,70,42,국,국2절 판,아그파판,670*550
문어발,A4,광고홍보물사이즈,OT-506 발 5개 80×42,213,300,210,297,213,300,80,42,국,국2절 판,아그파판,670*550
문어발,A4,광고홍보물사이즈,OT-507 발 6개 60×35,213,300,210,297,213,300,60,35,국,국2절 판,아그파판,670*550
문어발,A4,광고홍보물사이즈,OT-508 발 6개 70×35,213,300,210,297,213,300,70,35,국,국2절 판,아그파판,670*550
문어발,A4,광고홍보물사이즈,OT-509 발 6개 80×35,213,300,210,297,213,300,80,35,국,국2절 판,아그파판,670*550
문어발,A4,광고홍보물사이즈,OT-510 발 7개 60×30,213,300,210,297,213,300,60,30,국,국2절 판,아그파판,670*550
문어발,A4,광고홍보물사이즈,OT-511 발 7개 70×30,213,300,210,297,213,300,70,30,국,국2절 판,아그파판,670*550
문어발,A4,광고홍보물사이즈,OT-512 발 7개 80×30,213,300,210,297,213,300,80,30,국,국2절 판,아그파판,670*550
문어발,16절,광고홍보물사이즈,OT-501 발 4개 60×52.5,185,260,182,257,185,260,60,45.5,국,국2절 판,아그파판,670*550
문어발,16절,광고홍보물사이즈,OT-502 발 4개 70×52.5,185,260,182,257,185,260,70,45.5,국,국2절 판,아그파판,670*550
문어발,16절,광고홍보물사이즈,OT-503 발 4개 80×52.5,185,260,182,257,185,260,80,45.5,국,국2절 판,아그파판,670*550
문어발,16절,광고홍보물사이즈,OT-504 발 5개 60×42,185,260,182,257,185,260,60,36,국,국2절 판,아그파판,670*550
문어발,16절,광고홍보물사이즈,OT-505 발 5개 70×42,185,260,182,257,185,260,70,36,국,국2절 판,아그파판,670*550
문어발,16절,광고홍보물사이즈,OT-506 발 5개 80×42,185,260,182,257,185,260,80,36,국,국2절 판,아그파판,670*550
문어발,16절,광고홍보물사이즈,OT-507 발 6개 60×35,185,260,182,257,185,260,60,30,국,국2절 판,아그파판,670*550
문어발,16절,광고홍보물사이즈,OT-508 발 6개 70×35,185,260,182,257,185,260,70,30,국,국2절 판,아그파판,670*550
문어발,16절,광고홍보물사이즈,OT-509 발 6개 80×35,185,260,182,257,185,260,80,30,국,국2절 판,아그파판,670*550
문어발,16절,광고홍보물사이즈,OT-510 발 7개 60×30,185,260,182,257,185,260,60,26,국,국2절 판,아그파판,670*550
문어발,16절,광고홍보물사이즈,OT-511 발 7개 70×30,185,260,182,257,185,260,70,26,국,국2절 판,아그파판,670*550
문어발,16절,광고홍보물사이즈,OT-512 발 7개 80×30,185,260,182,257,185,260,80,26,국,국2절 판,아그파판,670*550
문고리,장A5,광고홍보물사이즈,DH-001 102*296,106,300,-,-,106,300,102,296,국,국2절 판,아그파판,670*550
문고리,장32절,광고홍보물사이즈,DH-002 90*260,94,264,-,-,94,264,90,260,국,국2절 판,아그파판,670*550
문고리,장32절,광고홍보물사이즈,DH-003 90*260,94,264,-,-,94,264,90,260,국,국2절 판,아그파판,670*550
메모지,80*80,광고홍보물사이즈,투터치재단,82,82,80,80,-,-,-,-,국,국2절 판,아그파판,670*550
메모지,80*100,광고홍보물사이즈,투터치재단,82,102,80,100,-,-,-,-,국,국2절 판,아그파판,670*550
메모지,90*90,광고홍보물사이즈,투터치재단,92,92,90,90,-,-,-,-,국,국2절 판,아그파판,670*550
메모지,90*100,광고홍보물사이즈,투터치재단,92,102,90,100,-,-,-,-,국,국2절 판,아그파판,670*550
메모지,90*130,광고홍보물사이즈,투터치재단,92,132,90,130,-,-,-,-,국,국2절 판,아그파판,670*550
메모지,100*100,광고홍보물사이즈,투터치재단,102,102,100,100,-,-,-,-,국,국2절 판,아그파판,670*550
메모지,100*120,광고홍보물사이즈,투터치재단,102,122,100,120,-,-,-,-,국,국2절 판,아그파판,670*550
메모지,100*130,광고홍보물사이즈,투터치재단,102,132,100,130,-,-,-,-,국,국2절 판,아그파판,670*550
메모지,100*140,광고홍보물사이즈,투터치재단,102,142,100,140,-,-,-,-,국,국2절 판,아그파판,670*550
메모지,A4,광고홍보물사이즈,투터치재단,212,299,210,297,-,-,-,-,국,국2절 판,아그파판,670*550
메모지,16절,광고홍보물사이즈,투터치재단,184,259,182,257,-,-,-,-,국,국2절 판,아그파판,670*550
규격 대봉투 ,330*245(5절),봉투사이즈,다대봉투형,394,506,330,245,-,-,394,506,46,2절 8개판,아그파판,760*635
규격 중봉투 ,305*215(6절),봉투사이즈,다대봉투형,381,465,305,215,-,-,305,215,46,2절 8개판,아그파판,760*635
규격 중봉투 ,260*189(9절),봉투사이즈,다대봉투형,322,408,260,189,-,-,260,189,46,2절 8개판,아그파판,760*635
규격 소봉투 ,220*105(A4다대),봉투사이즈,다대봉투형,270,238,220,105,-,-,220,105,46,2절 8개판,아그파판,760*635
규격 소봉투 ,235*120(이삿짐),봉투사이즈,다대봉투형,270,258,235,120,-,-,235,120,46,2절 8개판,아그파판,760*635
규격 소봉투 ,220*105(A4창문),봉투사이즈,다대봉투형,270,238,220,105,-,-,220,105,46,2절 8개판,아그파판,760*635
자켓 소봉투,220*105(A4자켓),봉투사이즈,자켓봉투형,270,238,220,105,-,-,220,105,46,2절 8개판,아그파판,760*635
자켓 소봉투,175*85(티켓),봉투사이즈,자켓봉투형,270,238,175,85,-,-,175,85,46,2절 8개판,아그파판,760*635
각대봉투,385*290(4절),봉투사이즈,다대봉투형,385,290,385,290,-,-,-,-,외주,외주,외주,외주
각대봉투,330*245(5절),봉투사이즈,다대봉투형,330,245,330,245,-,-,-,-,외주,외주,외주,외주
각대봉투,305*215(6절),봉투사이즈,다대봉투형,305,215,305,215,-,-,-,-,외주,외주,외주,외주
각대봉투,260*190(9절),봉투사이즈,다대봉투형,260,190,260,190,-,-,-,-,외주,외주,외주,외주
각대봉투,305*215(6절),봉투사이즈,다대봉투형,305,215,305,215,-,-,-,-,외주,외주,외주,외주
각대봉투,300*140(10절),봉투사이즈,다대봉투형,300,140,300,140,-,-,-,-,외주,외주,외주,외주
각대봉투,260*140(12절),봉투사이즈,다대봉투형,260,140,260,140,-,-,-,-,외주,외주,외주,외주
신규격봉투,205*100(신규격),봉투사이즈,소봉투,205,100,205,100,-,-,-,-,외주,외주,외주,외주
신규격봉투,205*100(이중규격),봉투사이즈,소봉투,205,100,205,100,-,-,-,-,외주,외주,외주,외주
신규격봉투,205*100(색모조규격),봉투사이즈,소봉투,205,100,205,100,-,-,-,-,외주,외주,외주,외주
신규격봉투,235*100(신항공규격),봉투사이즈,소봉투,235,105,235,105,-,-,-,-,외주,외주,외주,외주
사각봉투,220*105(A4 다대소봉투),봉투사이즈,다대소봉투,220,105,220,105,-,-,-,-,외주,외주,외주,외주
사각봉투,220*105(A4 자켓소봉투),봉투사이즈,자켓소봉투,220,105,220,105,-,-,-,-,외주,외주,외주,외주
카드봉투,195*135,봉투사이즈,카드봉투,195,135,195,135,-,-,-,-,외주,외주,외주,외주
카드봉투,180*130,봉투사이즈,카드봉투,180,130,180,130,-,-,-,-,외주,외주,외주,외주
카드봉투,180*120,봉투사이즈,카드봉투,180,120,180,120,-,-,-,-,외주,외주,외주,외주
카드봉투,185*105,봉투사이즈,카드봉투,185,105,185,105,-,-,-,-,외주,외주,외주,외주
카드봉투,165*115,봉투사이즈,카드봉투,165,115,165,115,-,-,-,-,외주,외주,외주,외주
월급봉투,200*110(월급형),마스터봉투사이즈,월급봉투,200,110,200,110,-,-,-,-,외주,외주,외주,외주
수강료봉투,200*110(수강료형),봉투사이즈,수강료봉투,200,110,200,110,-,-,-,-,외주,외주,외주,외주
티켓봉투,175*85(티켓형),봉투사이즈,티켓형 소봉투,270,238,175,85,-,-,-,-,외주,외주,외주,외주
장교봉투,235*105(장교A),봉투사이즈,장교A봉투,235,105,235,105,-,-,-,-,외주,외주,외주,외주
장교봉투,185*95(장교C),봉투사이즈,장교C봉투,185,95,185,95,-,-,-,-,외주,외주,외주,외주
창봉투,220*105,봉투사이즈,창봉투,270,238,220,105,-,-,-,-,외주,외주,외주,외주
상하지(2매1조),A3,경인쇄사이즈,원터치재단,410,287,420,297,-,-,-,-,외주,외주,외주,외주
상하지(2매1조),A4,경인쇄사이즈,원터치재단,200,287,210,297,-,-,-,-,외주,외주,외주,외주
상하지(2매1조),A4 1/3,경인쇄사이즈,원터치재단,89,200,99,210,-,-,-,-,외주,외주,외주,외주
상하지(2매1조),A5,경인쇄사이즈,원터치재단,200,138,210,148,-,-,-,-,외주,외주,외주,외주
상하지(2매1조),A6,경인쇄사이즈,원터치재단,95,138,105,148,-,-,-,-,외주,외주,외주,외주
상하지(2매1조),8절,경인쇄사이즈,원터치재단,370,250,380,260,-,-,-,-,외주,외주,외주,외주
상하지(2매1조),16절,경인쇄사이즈,원터치재단,180,250,190,260,-,-,-,-,외주,외주,외주,외주
상하지(2매1조),32절,경인쇄사이즈,원터치재단,180,120,190,130,-,-,-,-,외주,외주,외주,외주
상하지(2매1조),48절,경인쇄사이즈,원터치재단,180,75,190,85,-,-,-,-,외주,외주,외주,외주
상하지(2매1조),64절,경인쇄사이즈,원터치재단,85,120,95,130,-,-,-,-,외주,외주,외주,외주
상중하지(3매1조),A3,경인쇄사이즈,원터치재단,410,287,420,297,-,-,-,-,외주,외주,외주,외주
상중하지(3매1조),A4,경인쇄사이즈,원터치재단,200,287,210,297,-,-,-,-,외주,외주,외주,외주
상중하지(3매1조),A4 1/3,경인쇄사이즈,원터치재단,89,200,99,210,-,-,-,-,외주,외주,외주,외주
상중하지(3매1조),A5,경인쇄사이즈,원터치재단,200,138,210,148,-,-,-,-,외주,외주,외주,외주
상중하지(3매1조),A6,경인쇄사이즈,원터치재단,95,138,105,148,-,-,-,-,외주,외주,외주,외주
상중하지(3매1조),8절,경인쇄사이즈,원터치재단,370,250,380,260,-,-,-,-,외주,외주,외주,외주
상중하지(3매1조),16절,경인쇄사이즈,원터치재단,180,250,190,260,-,-,-,-,외주,외주,외주,외주
상중하지(3매1조),32절,경인쇄사이즈,원터치재단,180,120,190,130,-,-,-,-,외주,외주,외주,외주
상중하지(3매1조),48절,경인쇄사이즈,원터치재단,180,75,190,85,-,-,-,-,외주,외주,외주,외주
상중하지(3매1조),64절,경인쇄사이즈,원터치재단,85,120,95,130,-,-,-,-,외주,외주,외주,외주
상중중하지(4매1조),A3,경인쇄사이즈,원터치재단,410,287,420,297,-,-,-,-,외주,외주,외주,외주
상중중하지(4매1조),A4,경인쇄사이즈,원터치재단,200,287,210,297,-,-,-,-,외주,외주,외주,외주
상중중하지(4매1조),A4 1/3,경인쇄사이즈,원터치재단,89,200,99,210,-,-,-,-,외주,외주,외주,외주
상중중하지(4매1조),A5,경인쇄사이즈,원터치재단,200,138,210,148,-,-,-,-,외주,외주,외주,외주
상중중하지(4매1조),A6,경인쇄사이즈,원터치재단,95,138,105,148,-,-,-,-,외주,외주,외주,외주
상중중하지(4매1조),8절,경인쇄사이즈,원터치재단,370,250,380,260,-,-,-,-,외주,외주,외주,외주
상중중하지(4매1조),16절,경인쇄사이즈,원터치재단,180,250,190,260,-,-,-,-,외주,외주,외주,외주
상중중하지(4매1조),32절,경인쇄사이즈,원터치재단,180,120,190,130,-,-,-,-,외주,외주,외주,외주
상중중하지(4매1조),48절,경인쇄사이즈,원터치재단,180,75,190,85,-,-,-,-,외주,외주,외주,외주
상중중하지(4매1조),64절,경인쇄사이즈,원터치재단,85,120,95,130,-,-,-,-,외주,외주,외주,외주
양식지,A3,경인쇄사이즈,원터치재단,410,287,420,297,-,-,-,-,외주,외주,외주,외주
양식지,A4,경인쇄사이즈,원터치재단,200,287,210,297,-,-,-,-,외주,외주,외주,외주
양식지,A4 1/3,경인쇄사이즈,원터치재단,89,200,99,210,-,-,-,-,외주,외주,외주,외주
양식지,A5,경인쇄사이즈,원터치재단,200,138,210,148,-,-,-,-,외주,외주,외주,외주
양식지,A6,경인쇄사이즈,원터치재단,95,138,105,148,-,-,-,-,외주,외주,외주,외주
양식지,8절,경인쇄사이즈,원터치재단,370,250,380,260,-,-,-,-,외주,외주,외주,외주
양식지,16절,경인쇄사이즈,원터치재단,180,250,190,260,-,-,-,-,외주,외주,외주,외주
양식지,32절,경인쇄사이즈,원터치재단,180,120,190,130,-,-,-,-,외주,외주,외주,외주
양식지,48절,경인쇄사이즈,원터치재단,180,75,190,85,-,-,-,-,외주,외주,외주,외주
양식지,64절,경인쇄사이즈,원터치재단,85,120,95,130,-,-,-,-,외주,외주,외주,외주
일반지 전단,A1,전단사이즈,투터치재단,600,852,597,849,-,-,-,-,국,국2절 판,아그파판,670*550
일반지 전단,A2,전단사이즈,투터치재단,426,600,423,597,-,-,-,-,국,국2절 판,아그파판,670*550
일반지 전단,A3,전단사이즈,투터치재단,426,300,423,297,-,-,-,-,국,국2절 판,아그파판,670*550
일반지 전단,A4,전단사이즈,투터치재단,213,300,210,297,-,-,-,-,국,국2절 판,아그파판,670*550
일반지 전단,2절,전단사이즈,투터치재단,740,520,737,517,-,-,-,-,46,2절 8개판,아그파판,760*635
일반지 전단,4절,전단사이즈,투터치재단,370,520,367,517,-,-,-,-,46,2절 8개판,아그파판,760*635
일반지 전단,8절,전단사이즈,투터치재단,370,260,367,257,-,-,-,-,46,2절 8개판,아그파판,760*635
일반지 전단,16절,전단사이즈,투터치재단,185,260,182,257,-,-,-,-,46,2절 8개판,아그파판,760*635
M타입봉투,170*370,기타인쇄사이즈,M1호 17(27),170,370,170,370,-,-,-,-,외주,외주,외주,외주
M타입봉투,200*380,기타인쇄사이즈,M2호 20(29),200,380,200,380,-,-,-,-,외주,외주,외주,외주
M타입봉투,230*390,기타인쇄사이즈,M3호 23(33),230,390,230,390,-,-,-,-,외주,외주,외주,외주
M타입봉투,260*450,기타인쇄사이즈,M4호 26(36),260,450,260,450,-,-,-,-,외주,외주,외주,외주
M타입봉투,290*480,기타인쇄사이즈,M5호 29(40),290,480,290,480,-,-,-,-,외주,외주,외주,외주
M타입봉투,320*530,기타인쇄사이즈,M6호 32(45),320,530,320,530,-,-,-,-,외주,외주,외주,외주
M타입봉투,370*570,기타인쇄사이즈,M7호 37(50),370,570,370,570,-,-,-,-,외주,외주,외주,외주
M타입봉투,460*670,기타인쇄사이즈,M8호 46(60),460,670,460,670,-,-,-,-,외주,외주,외주,외주
사각타입봉투,200*300,기타인쇄사이즈,사각1호,200,300,200,300,-,-,-,-,외주,외주,외주,외주
사각타입봉투,250*350,기타인쇄사이즈,사각2호,250,350,250,350,-,-,-,-,외주,외주,외주,외주
사각타입봉투,300*400,기타인쇄사이즈,사각3호,300,400,300,400,-,-,-,-,외주,외주,외주,외주
사각타입봉투,350*450,기타인쇄사이즈,사각4호,350,450,350,450,-,-,-,-,외주,외주,외주,외주
사각타입봉투,400*500,기타인쇄사이즈,사각5호,400,500,400,500,-,-,-,-,외주,외주,외주,외주
사각타입봉투,450*550,기타인쇄사이즈,사각6호,450,550,450,550,-,-,-,-,외주,외주,외주,외주
다이니티명함,90*50,디지털명함사이즈,투터치재단,92,52,90,50,-,-,-,-,별,디지털출력,-,-
아르떼명함,90*50,디지털명함사이즈,투터치재단,92,52,90,50,-,-,-,-,별,디지털출력,-,-
네뚜노명함,90*50,디지털명함사이즈,투터치재단,92,52,90,50,-,-,-,-,별,디지털출력,-,-
대례지명함,90*50,디지털명함사이즈,투터치재단,92,52,90,50,-,-,-,-,별,디지털출력,-,-
르느와르명함,90*50,디지털명함사이즈,투터치재단,92,52,90,50,-,-,-,-,별,디지털출력,-,-
띤또레또명함,90*50,디지털명함사이즈,투터치재단,92,52,90,50,-,-,-,-,별,디지털출력,-,-
랑데뷰명함,90*50,디지털명함사이즈,투터치재단,92,52,90,50,-,-,-,-,별,디지털출력,-,-
레이나명함,90*50,디지털명함사이즈,투터치재단,92,52,90,50,-,-,-,-,별,디지털출력,-,-
루프 스노우명함,90*50,디지털명함사이즈,투터치재단,92,52,90,50,-,-,-,-,별,디지털출력,-,-
루프 스트로명함,90*50,디지털명함사이즈,투터치재단,92,52,90,50,-,-,-,-,별,디지털출력,-,-
마쉬맬로우 아이보리명함,90*50,디지털명함사이즈,투터치재단,92,52,90,50,-,-,-,-,별,디지털출력,-,-
마제스틱 메탈금명함,90*50,디지털명함사이즈,투터치재단,92,52,90,50,-,-,-,-,별,디지털출력,-,-
마제스틱 메탈은명함,90*50,디지털명함사이즈,투터치재단,92,52,90,50,-,-,-,-,별,디지털출력,-,-
키칼라메탈릭 화이트명함,90*50,디지털명함사이즈,투터치재단,92,52,90,50,-,-,-,-,별,디지털출력,-,-
몽블랑 명함,90*50,디지털명함사이즈,투터치재단,92,52,90,50,-,-,-,-,별,디지털출력,-,-
시로에콜로 에코명함,90*50,디지털명함사이즈,투터치재단,92,52,90,50,-,-,-,-,별,디지털출력,-,-
문켄디자인 폴라명함,90*50,디지털명함사이즈,투터치재단,92,52,90,50,-,-,-,-,별,디지털출력,-,-
빌리지 네츄럴명함,90*50,디지털명함사이즈,투터치재단,92,52,90,50,-,-,-,-,별,디지털출력,-,-
슈퍼파인명함,90*50,디지털명함사이즈,투터치재단,92,52,90,50,-,-,-,-,별,디지털출력,-,-
스마트명함,90*50,디지털명함사이즈,투터치재단,92,52,90,50,-,-,-,-,별,디지털출력,-,-
스타드림 화이트명함,90*50,디지털명함사이즈,투터치재단,92,52,90,50,-,-,-,-,별,디지털출력,-,-
시리오펄 골드명함,90*50,디지털명함사이즈,투터치재단,92,52,90,50,-,-,-,-,별,디지털출력,-,-
시리오펄 실버명함,90*50,디지털명함사이즈,투터치재단,92,52,90,50,-,-,-,-,별,디지털출력,-,-
시리오펄 스노우명함,90*50,디지털명함사이즈,투터치재단,92,52,90,50,-,-,-,-,별,디지털출력,-,-
시리오펄 진주명함,90*50,디지털명함사이즈,투터치재단,92,52,90,50,-,-,-,-,별,디지털출력,-,-
심볼 명함,90*50,디지털명함사이즈,투터치재단,92,52,90,50,-,-,-,-,별,디지털출력,-,-
울트라 사틴명함,90*50,디지털명함사이즈,투터치재단,92,52,90,50,-,-,-,-,별,디지털출력,-,-
썬샤인명함,90*50,디지털명함사이즈,투터치재단,92,52,90,50,-,-,-,-,별,디지털출력,-,-
앙상블명함,90*50,디지털명함사이즈,투터치재단,92,52,90,50,-,-,-,-,별,디지털출력,-,-
에이프릴 브라이드명함,90*50,디지털명함사이즈,투터치재단,92,52,90,50,-,-,-,-,별,디지털출력,-,-
오로 황금명함,90*50,디지털명함사이즈,투터치재단,92,52,90,50,-,-,-,-,별,디지털출력,-,-
유포 블루명함,90*50,디지털명함사이즈,투터치재단,92,52,90,50,-,-,-,-,별,디지털출력,-,-
인바이런먼트명함,90*50,디지털명함사이즈,투터치재단,92,52,90,50,-,-,-,-,별,디지털출력,-,-
코롤라명함,90*50,디지털명함사이즈,투터치재단,92,52,90,50,-,-,-,-,별,디지털출력,-,-
크롬코트 실크명함,90*50,디지털명함사이즈,투터치재단,92,52,90,50,-,-,-,-,별,디지털출력,-,-
크롬코트 화이트명함,90*50,디지털명함사이즈,투터치재단,92,52,90,50,-,-,-,-,별,디지털출력,-,-
트루카드 명함,90*50,디지털명함사이즈,투터치재단,92,52,90,50,-,-,-,-,별,디지털출력,-,-
켄도명함,90*50,디지털명함사이즈,투터치재단,92,52,90,50,-,-,-,-,별,디지털출력,-,-
코로나도명함,90*50,디지털명함사이즈,투터치재단,92,52,90,50,-,-,-,-,별,디지털출력,-,-
프리즈마명함,90*50,디지털명함사이즈,투터치재단,92,52,90,50,-,-,-,-,별,디지털출력,-,-
휘닉스모션명함,90*50,디지털명함사이즈,투터치재단,92,52,90,50,-,-,-,-,별,디지털출력,-,-
린넨커버 펄명함,90*50,디지털명함사이즈,투터치재단,92,52,90,50,-,-,-,-,별,디지털출력,-,-
반누브 화이트명함,90*50,디지털명함사이즈,투터치재단,92,52,90,50,-,-,-,-,별,디지털출력,-,-
반누브 울트라화이트명함,90*50,디지털명함사이즈,투터치재단,92,52,90,50,-,-,-,-,별,디지털출력,-,-
스펜더룩스명함,90*50,디지털명함사이즈,투터치재단,92,52,90,50,-,-,-,-,별,디지털출력,-,-
카멜레온명함,90*50,디지털명함사이즈,투터치재단,92,52,90,50,-,-,-,-,별,디지털출력,-,-
Extra 퓨어명함,90*50,디지털명함사이즈,투터치재단,92,52,90,50,-,-,-,-,별,디지털출력,-,-
Extra 매트명함,90*50,디지털명함사이즈,투터치재단,92,52,90,50,-,-,-,-,별,디지털출력,-,-
Extra 린넨명함,90*50,디지털명함사이즈,투터치재단,92,52,90,50,-,-,-,-,별,디지털출력,-,-
파스텔릭스,90*50,디지털명함사이즈,투터치재단,92,52,90,50,-,-,-,-,별,디지털출력,-,-
