코팅명함,스노우지,,백색,250,은은한,일반용지,g,46,1091*788,R
코팅명함,스노우지,,백색,250,은은한,일반용지,g,국,939*636,R
고품격 코팅명함,스노우지,,백색,250,은은한,일반용지,g,46,1091*788,R
고품격 코팅명함,스노우지,,백색,250,은은한,일반용지,g,국,939*636,R
무코팅명함,스노우지,,백색,250,은은한,일반용지,g,46,1091*788,R
무코팅명함,스노우지,,백색,250,은은한,일반용지,g,국,939*636,R
고품격 무코팅명함,스노우지,,백색,250,은은한,일반용지,g,46,1091*788,R
고품격 무코팅명함,스노우지,,백색,250,은은한,일반용지,g,국,939*636,R
빌리지명함,빌리지,화이트,백색,200,엠보,고급용지,g,46,1091*788,R
빌리지명함,빌리지,화이트,백색,200,엠보,고급용지,g,국,939*636,R
베이직명함,베이직,화이트,백색,233,부드러운,고급용지,g,g,g,R
베이직명함,베이직,화이트,백색,233,부드러운,고급용지,g,g,g,R
반누브명함,반누브,네츄럴,미색,210,부드러운,고급용지,g,46,1091*788,R
반누브명함,반누브,네츄럴,미색,210,부드러운,고급용지,g,국,939*636,R
그레이스명함,그레이스,화이트,미색,209,매끈한,고급용지,g,46,1091*788,R
그레이스명함,그레이스,화이트,미색,209,매끈한,고급용지,g,국,939*636,R
컨셉(블루펄)명함,컨셉 ,블루펄,블루백색,285,펄,고급용지,g,46,1091*788,R
컨셉(블루펄)명함,컨셉 ,블루펄,블루백색,285,펄,고급용지,g,국,939*636,R
키칼라메탈릭 골드명함,키칼라메탈릭,화이트골드,금색,200,펄,고급용지,g,46,1091*788,R
키칼라메탈릭 골드명함,키칼라메탈릭,화이트골드,금색,200,펄,고급용지,g,국,939*636,R
키칼라메탈릭 아이스골드명함,키칼라메탈릭,아이스골드,은색,200,펄,고급용지,g,46,1091*788,R
키칼라메탈릭 아이스골드명함,키칼라메탈릭,아이스골드,은색,200,펄,고급용지,g,국,939*636,R
마쉬맬로우명함,매쉬멜로우,화이트,백색,209,매끈한,고급용지,g,46,1091*788,R
마쉬맬로우명함,매쉬멜로우,화이트,백색,209,매끈한,고급용지,g,국,939*636,R
팝셋명함,팝셋,화이트펄,백색,240,펄,고급용지,g,46,1091*788,R
팝셋명함,팝셋,화이트펄,백색,240,펄,고급용지,g,국,939*636,R
샤인스페셜명함,샤인스페셜,화이트,백색,200,펄,고급용지,g,46,1091*788,R
샤인스페셜명함,샤인스페셜,화이트,백색,200,펄,고급용지,g,국,939*636,R
스타드림명함,스타드림,쿼츠,은색,220,펄,고급용지,g,46,1091*788,R
스타드림명함,스타드림,쿼츠,은색,220,펄,고급용지,g,국,939*636,R
스타(드림) 골드명함,갤럭시로얄,골드,금색,200,펄,고급용지,g,46,1091*788,R
스타(드림) 골드명함,갤럭시로얄,골드,금색,200,펄,고급용지,g,국,939*636,R
스타(드림) 실버명함,갤럭시로얄,실버,은색,250,펄,고급용지,g,46,1091*788,R
스타(드림) 실버명함,갤럭시로얄,실버,은색,250,펄,고급용지,g,국,939*636,R
스코틀랜드명함,스코틀랜드,화이트,백색,220,엠보,고급용지,g,46,1091*788,R
스코틀랜드명함,스코틀랜드,화이트,백색,220,엠보,고급용지,g,국,939*636,R
탄트지명함,탄트지,아이보리,미색,200,엠보,고급용지,g,46,1091*788,R
탄트지명함,탄트지,아이보리,미색,200,엠보,고급용지,g,국,939*636,R
유포지명함,유포지,,미색,200,매끈한,고급용지,g,46,1091*788,R
유포지명함,유포지,,미색,200,매끈한,고급용지,g,국,939*636,R
휘라레명함,휘라레,솔라화이트,백색,216,엠보,고급용지,g,46,1091*788,R
휘라레명함,휘라레,솔라화이트,백색,216,엠보,고급용지,g,국,939*636,R
랑데뷰명함,랑데부,네츄럴,미색,240,부드러운,고급용지,g,46,1091*788,R
랑데뷰명함,랑데부,네츄럴,미색,240,부드러운,고급용지,g,국,939*636,R
반누드 카드명함,반누드 카드,PET,흰색,200,반짝이는,카드용지,g,국,939*636,R
화이트 카드명함,화이트 카드,PET,흰색,200,반짝이는,카드용지,g,국,939*636,R
실버 카드명함,실버 카드,PET,은색,200,반짝이는,카드용지,g,국,939*636,R
골드 카드명함,골드 카드,PET,금색,200,반짝이는,카드용지,g,국,939*636,R
거울(밀러)플러스 카드명함,거울(밀러)플러스 카드,PET,은색,200,반짝이는,카드용지,g,국,939*636,R
실버플러스 카드명함,실버플러스 카드,PET,은색,200,반짝이는,카드용지,g,국,939*636,R
골드플러스 카드명함,골드플러스 카드,PET,금색,200,반짝이는,카드용지,g,국,939*636,R
은펄 카드명함,은펄 카드,PET,은색,200,반짝이는,카드용지,g,국,939*636,R
금펄 카드명함,금펄 카드,PET,금색,200,반짝이는,카드용지,g,국,939*636,R
누드 카드명함,누드 카드,PET,투명,200,반짝이는,카드용지,g,국,939*636,R
홀로그램플러스 카드명함,홀로그램플러스 카드,PET,홀로그램,200,반짝이는,카드용지,g,국,939*636,R
반누드플러스 카드명함,반누드플러스 카드,PET,반투명,200,반짝이는,카드용지,g,국,939*636,R
은펄반누드 카드명함,은펄반누드 카드,PET,은펄,200,반짝이는,카드용지,g,국,939*636,R
금펄반누드 카드명함,금펄반누드 카드,PET,금펄,200,반짝이는,카드용지,g,국,939*636,R
은펄플러스 카드명함,은펄플러스 카드,PET,은펄,200,반짝이는,카드용지,g,국,939*636,R
금펄플러스 카드명함,금펄플러스 카드,PET,금펄,200,반짝이는,카드용지,g,국,939*636,R
금펄더블플러스명함,금펄더블플러스 카드,PET,금펄,200,반짝이는,카드용지,g,국,939*636,R
홀로그램 더블플러스 카드명함,홀로그램 더블플러스 카드,PET,홀로그램,200,반짝이는,카드용지,g,국,939*636,R
메탈실버 카드명함,메탈실버 카드,PET,은색,200,반짝이는,카드용지,g,국,939*636,R
메탈골드 카드명함,메탈골드 카드,PET,금색,200,반짝이는,카드용지,g,국,939*636,R
카드명함 샘플킷,카드,PET,,200,반짝이는,카드용지,g,국,939*636,R
PVC 카드명함,,,,,,,,,,
스타일 휘라레명함,휘라레,솔라화이트,백색,216,엠보,고급용지,g,46,1091*788,R
스타일 휘라레명함,휘라레,솔라화이트,백색,216,엠보,고급용지,g,국,939*636,R
스타일 반누브명함,반누브,네츄럴,미색,210,부드러운,고급용지,g,46,1091*788,R
스타일 반누브명함,반누브,네츄럴,미색,210,부드러운,고급용지,g,국,939*636,R
스타일 스타드림명함,스타드림,쿼츠,은색,220,펄,고급용지,g,46,1091*788,R
스타일 스타드림명함,스타드림,쿼츠,은색,220,펄,고급용지,g,국,939*636,R
스타일 코팅명함,스노우지,,백색,250,은은한,일반용지,g,46,1091*788,R
스타일 코팅명함,스노우지,,백색,250,은은한,일반용지,g,국,939*636,R
스타일 무코팅명함,스노우지,,백색,250,은은한,일반용지,g,46,1091*788,R
스타일 무코팅명함,스노우지,,백색,250,은은한,일반용지,g,국,939*636,R
하이엠보싱 명함,,,,,,,,,,
복권,스노우지,,백색,250,은은한,일반용지,g,46,1091*788,R
복권,스노우지,,백색,250,은은한,일반용지,g,국,939*636,R
엽서,휘라레,솔라화이트,백색,216,엠보,고급용지,g,46,1091*788,R
엽서,휘라레,솔라화이트,백색,216,엠보,고급용지,g,국,939*636,R
엽서,반누브,네츄럴,미색,210,부드러운,고급용지,g,46,1091*788,R
엽서,반누브,네츄럴,미색,210,부드러운,고급용지,g,국,939*636,R
엽서,스타드림,쿼츠,은색,220,펄,고급용지,g,46,1091*788,R
엽서,스타드림,쿼츠,은색,220,펄,고급용지,g,국,939*636,R
엽서,스노우지,,백색,250,은은한,일반용지,g,46,1091*788,R
엽서,스노우지,,백색,250,은은한,일반용지,g,국,939*636,R
엽서,스노우지,,백색,250,은은한,일반용지,g,46,1091*788,R
엽서,스노우지,,백색,250,은은한,일반용지,g,국,939*636,R
초대장,휘라레,솔라화이트,백색,216,엠보,고급용지,g,46,1091*788,R
초대장,휘라레,솔라화이트,백색,216,엠보,고급용지,g,국,939*636,R
초대장,반누브,네츄럴,미색,210,부드러운,고급용지,g,46,1091*788,R
초대장,반누브,네츄럴,미색,210,부드러운,고급용지,g,국,939*636,R
초대장,스타드림,쿼츠,은색,220,펄,고급용지,g,46,1091*788,R
초대장,스타드림,쿼츠,은색,220,펄,고급용지,g,국,939*636,R
초대장,스노우지,,백색,250,은은한,일반용지,g,46,1091*788,R
초대장,스노우지,,백색,250,은은한,일반용지,g,국,939*636,R
초대장,스노우지,,백색,250,은은한,일반용지,g,46,1091*788,R
초대장,스노우지,,백색,250,은은한,일반용지,g,국,939*636,R
상품권,휘라레,솔라화이트,백색,216,엠보,고급용지,g,46,1091*788,R
상품권,휘라레,솔라화이트,백색,216,엠보,고급용지,g,국,939*636,R
상품권,반누브,네츄럴,미색,210,부드러운,고급용지,g,46,1091*788,R
상품권,반누브,네츄럴,미색,210,부드러운,고급용지,g,국,939*636,R
상품권,스타드림,쿼츠,은색,220,펄,고급용지,g,46,1091*788,R
상품권,스타드림,쿼츠,은색,220,펄,고급용지,g,국,939*636,R
상품권,스노우지,,백색,250,은은한,일반용지,g,46,1091*788,R
상품권,스노우지,,백색,250,은은한,일반용지,g,국,939*636,R
상품권,스노우지,,백색,250,은은한,일반용지,g,46,1091*788,R
상품권,스노우지,,백색,250,은은한,일반용지,g,국,939*636,R
종이자석,스노우지,,백색,250,은은한,일반용지,g,국,939*636,R
강접 코팅스티커,아트지,강접,백색,90,매끈한,스티커용지,g,46,1091*788,R
강접 코팅스티커,아트지,강접,백색,90,매끈한,스티커용지,g,국,939*636,R
강접 무코팅스티커,아트지,강접,백색,90,매끈한,스티커용지,g,46,1091*788,R
강접 무코팅스티커,아트지,강접,백색,90,매끈한,스티커용지,g,국,939*636,R
은무데드롱스티커,은무데드롱,무광,은색,25,반짝이는,스티커용지,g,46,1091*788,R
은무데드롱스티커,은무데드롱,무광,은색,25,반짝이는,스티커용지,g,국,939*636,R
유포지스티커,유포지,무광,미색,80,반짝이는,스티커용지,g,46,1091*788,R
유포지스티커,유포지,무광,미색,80,반짝이는,스티커용지,g,국,939*636,R
투명스티커,투명데드롱,유광,투명,25,반짝이는,스티커용지,g,46,1091*788,R
투명스티커,투명데드롱,유광,투명,25,반짝이는,스티커용지,g,국,939*636,R
자석스티커 사각귀돌이,아트지,강접,백색,90,매끈한,스티커용지,g,국,939*636,R
신접 코팅스티커,,,,,,,,,,
pvc 스티커,,,,,,,,,,
크라프트 스티커,,,,,,,,,,
모조지 스티커,모조지,,백색,80,부드러운,스티커용지,g,46,1091*788,R
모조지 스티커,모조지,,백색,80,부드러운,스티커용지,g,국,939*636,R
원형,아트지,강접,백색,90,매끈한,스티커용지,g,46,1091*788,R
원형,아트지,강접,백색,90,매끈한,스티커용지,g,국,939*636,R
반원형,아트지,강접,백색,90,매끈한,스티커용지,g,46,1091*788,R
반원형,아트지,강접,백색,90,매끈한,스티커용지,g,국,939*636,R
타원형,아트지,강접,백색,90,매끈한,스티커용지,g,46,1091*788,R
타원형,아트지,강접,백색,90,매끈한,스티커용지,g,국,939*636,R
정사각형,아트지,강접,백색,90,매끈한,스티커용지,g,46,1091*788,R
정사각형,아트지,강접,백색,90,매끈한,스티커용지,g,국,939*636,R
직사각형,아트지,강접,백색,90,매끈한,스티커용지,g,46,1091*788,R
직사각형,아트지,강접,백색,90,매끈한,스티커용지,g,국,939*636,R
하트형,아트지,강접,백색,90,매끈한,스티커용지,g,46,1091*788,R
하트형,아트지,강접,백색,90,매끈한,스티커용지,g,국,939*636,R
보험 도무송형스티커,아트지,강접,백색,90,매끈한,스티커용지,g,46,1091*788,R
보험 도무송형스티커,아트지,강접,백색,90,매끈한,스티커용지,g,국,939*636,R
비디오/카세트,아트지,강접,백색,90,매끈한,스티커용지,g,46,1091*788,R
비디오/카세트,아트지,강접,백색,90,매끈한,스티커용지,g,국,939*636,R
자석오프너,아트지,강접,백색,90,매끈한,스티커용지,g,46,1091*788,R
자석오프너,아트지,강접,백색,90,매끈한,스티커용지,g,국,939*636,R
자유형,아트지,강접,백색,90,매끈한,스티커용지,g,46,1091*788,R
자유형,아트지,강접,백색,90,매끈한,스티커용지,g,국,939*636,R
자유형,은무데드롱,무광,은색,25,반짝이는,스티커용지,g,46,1091*788,R
자유형,은무데드롱,무광,은색,25,반짝이는,스티커용지,g,국,939*636,R
자유형,유포지,무광,미색,80,반짝이는,스티커용지,g,46,1091*788,R
자유형,유포지,무광,미색,80,반짝이는,스티커용지,g,국,939*636,R
자유형,투명데드롱,유광,투명,25,반짝이는,스티커용지,g,46,1091*788,R
자유형,투명데드롱,유광,투명,25,반짝이는,스티커용지,g,국,939*636,R
자유형,모조지,,백색,80,부드러운,스티커용지,g,46,1091*788,R
자유형,모조지,,백색,80,부드러운,스티커용지,g,국,939*636,R
,,,,,,,,,,
아트지 합판전단,아트지,,백색,90,매끈한,일반용지,g,46,1091*788,R
아트지 합판전단,아트지,,백색,90,매끈한,일반용지,g,국,939*636,R
아트지 합판전단,아트지,,백색,90,매끈한,일반용지,g,별,910*650,R
아트지 합판전단,아트지,,백색,90,매끈한,일반용지,g,별,788*650,R
아트지 합판전단,아트지,,백색,90,매끈한,일반용지,g,별,788*570,R
아트지 합판전단,아트지,,백색,90,매끈한,일반용지,g,별,760*545,R
아트지 합판전단,아트지,,백색,90,매끈한,일반용지,g,별,880*625,R
아트지 합판전단,아트지,,백색,120,매끈한,일반용지,g,46,1091*788,R
아트지 합판전단,아트지,,백색,120,매끈한,일반용지,g,국,939*636,R
아트지 합판전단,아트지,,백색,150,매끈한,일반용지,g,46,1091*788,R
아트지 합판전단,아트지,,백색,150,매끈한,일반용지,g,국,939*636,R
아트지 합판전단,아트지,,백색,180,매끈한,일반용지,g,46,1091*788,R
아트지 합판전단,아트지,,백색,180,매끈한,일반용지,g,국,939*636,R
아트지 합판전단,아트지,,백색,300,매끈한,일반용지,g,46,1091*788,R
아트지 합판전단,아트지,,백색,300,매끈한,일반용지,g,국,939*636,R
스노우지 합판전단,,,,,,,,,,
모조지 합판전단,모조지,,백색,80,부드러운,일반용지,g,46,1091*788,R
모조지 합판전단,모조지,,백색,80,부드러운,일반용지,g,국,939*636,R
일반지 특가전단,,,,,,,,,,
고급지 특가전단,,,,,,,,,,
일반지 독판전단,아트지,,백색,100,매끈한,일반용지,g,46,1091*788,R
일반지 독판전단,아트지,,백색,100,매끈한,일반용지,g,국,939*636,R
일반지 독판전단,아트지,,백색,120,매끈한,일반용지,g,46,1091*788,R
일반지 독판전단,아트지,,백색,120,매끈한,일반용지,g,국,939*636,R
일반지 독판전단,아트지,,백색,150,매끈한,일반용지,g,46,1091*788,R
일반지 독판전단,아트지,,백색,150,매끈한,일반용지,g,국,939*636,R
일반지 독판전단,아트지,,백색,180,매끈한,일반용지,g,46,1091*788,R
일반지 독판전단,아트지,,백색,180,매끈한,일반용지,g,국,939*636,R
일반지 독판전단,아트지,,백색,200,매끈한,일반용지,g,46,1091*788,R
일반지 독판전단,아트지,,백색,200,매끈한,일반용지,g,국,939*636,R
일반지 독판전단,아트지,,백색,250,매끈한,일반용지,g,46,1091*788,R
일반지 독판전단,아트지,,백색,250,매끈한,일반용지,g,국,939*636,R
일반지 독판전단,아트지,,백색,300,매끈한,일반용지,g,46,1091*788,R
일반지 독판전단,아트지,,백색,300,매끈한,일반용지,g,국,939*636,R
일반지 독판전단,모조지,,백색,70,부드러운,일반용지,g,46,1091*788,R
일반지 독판전단,모조지,,백색,70,부드러운,일반용지,g,국,939*636,R
일반지 독판전단,모조지,,백색,80,부드러운,일반용지,g,46,1091*788,R
일반지 독판전단,모조지,,백색,80,부드러운,일반용지,g,국,939*636,R
일반지 독판전단,모조지,,백색,100,부드러운,일반용지,g,46,1091*788,R
일반지 독판전단,모조지,,백색,100,부드러운,일반용지,g,국,939*636,R
일반지 독판전단,모조지,,백색,120,부드러운,일반용지,g,46,1091*788,R
일반지 독판전단,모조지,,백색,120,부드러운,일반용지,g,국,939*636,R
일반지 독판전단,모조지,,백색,150,부드러운,일반용지,g,46,1091*788,R
일반지 독판전단,모조지,,백색,150,부드러운,일반용지,g,국,939*636,R
일반지 독판전단,모조지,,백색,180,부드러운,일반용지,g,46,1091*788,R
일반지 독판전단,모조지,,백색,180,부드러운,일반용지,g,국,939*636,R
일반지 독판전단,모조지,,백색,220,부드러운,일반용지,g,46,1091*788,R
일반지 독판전단,모조지,,백색,220,부드러운,일반용지,g,국,939*636,R
일반지 독판전단,모조지,,백색,260,부드러운,일반용지,g,46,1091*788,R
일반지 독판전단,모조지,,백색,260,부드러운,일반용지,g,국,939*636,R
일반지 독판전단,모조지,,미색,80,부드러운,일반용지,g,46,1091*788,R
일반지 독판전단,모조지,,미색,80,부드러운,일반용지,g,국,939*636,R
일반지 독판전단,모조지,,미색,100,부드러운,일반용지,g,46,1091*788,R
일반지 독판전단,모조지,,미색,100,부드러운,일반용지,g,국,939*636,R
일반지 독판전단,스노우지,,백색,100,은은한,일반용지,g,46,1091*788,R
일반지 독판전단,스노우지,,백색,100,은은한,일반용지,g,국,939*636,R
일반지 독판전단,스노우지,,백색,120,은은한,일반용지,g,46,1091*788,R
일반지 독판전단,스노우지,,백색,120,은은한,일반용지,g,국,939*636,R
일반지 독판전단,스노우지,,백색,150,은은한,일반용지,g,46,1091*788,R
일반지 독판전단,스노우지,,백색,150,은은한,일반용지,g,국,939*636,R
일반지 독판전단,스노우지,,백색,180,은은한,일반용지,g,46,1091*788,R
일반지 독판전단,스노우지,,백색,180,은은한,일반용지,g,국,939*636,R
일반지 독판전단,스노우지,,백색,200,은은한,일반용지,g,46,1091*788,R
일반지 독판전단,스노우지,,백색,200,은은한,일반용지,g,국,939*636,R
일반지 독판전단,스노우지,,백색,250,은은한,일반용지,g,46,1091*788,R
일반지 독판전단,스노우지,,백색,250,은은한,일반용지,g,국,939*636,R
일반지 독판전단,스노우지,,백색,300,은은한,일반용지,g,46,1091*788,R
일반지 독판전단,스노우지,,백색,300,은은한,일반용지,g,국,939*636,R
고급지 독판전단,랑데뷰,네츄럴,미색,90,부드러운,고급용지,,,,
고급지 독판전단,랑데뷰,네츄럴,미색,105,부드러운,고급용지,,,,
고급지 독판전단,랑데뷰,네츄럴,미색,130,부드러운,고급용지,,,,
고급지 독판전단,랑데뷰,네츄럴,미색,160,부드러운,고급용지,,,,
고급지 독판전단,랑데뷰,네츄럴,미색,190,부드러운,고급용지,,,,
고급지 독판전단,랑데뷰,네츄럴,미색,210,부드러운,고급용지,,,,
고급지 독판전단,랑데뷰,네츄럴,미색,240,부드러운,고급용지,,,,
고급지 독판전단,랑데뷰,울트라화이트,고백색,90,부드러운,고급용지,,,,
고급지 독판전단,랑데뷰,울트라화이트,고백색,105,부드러운,고급용지,,,,
고급지 독판전단,랑데뷰,울트라화이트,고백색,130,부드러운,고급용지,,,,
고급지 독판전단,랑데뷰,울트라화이트,고백색,160,부드러운,고급용지,,,,
고급지 독판전단,랑데뷰,울트라화이트,고백색,190,부드러운,고급용지,,,,
고급지 독판전단,랑데뷰,울트라화이트,고백색,210,부드러운,고급용지,,,,
고급지 독판전단,랑데뷰,울트라화이트,고백색,240,부드러운,고급용지,,,,
고급지 독판전단,휘라레,솔라화이트,백색,216,엠보,고급용지,,,,
고급지 독판전단,반누보,네츄럴,미색,122,부드러운,고급용지,,,,
고급지 독판전단,반누보,네츄럴,미색,151,부드러운,고급용지,,,,
고급지 독판전단,반누보,네츄럴,미색,175,부드러운,고급용지,,,,
고급지 독판전단,반누보,네츄럴,미색,204,부드러운,고급용지,,,,
고급지 독판전단,반누보,네츄럴,미색,227,부드러운,고급용지,,,,
고급지 독판전단,반누보,화이트,백색,122,부드러운,고급용지,,,,
고급지 독판전단,반누보,화이트,백색,151,부드러운,고급용지,,,,
고급지 독판전단,반누보,화이트,백색,175,부드러운,고급용지,,,,
고급지 독판전단,반누보,화이트,백색,204,부드러운,고급용지,,,,
고급지 독판전단,반누보,화이트,백색,227,부드러운,고급용지,,,,
고급지 독판전단,반누보,화이트,백색,250,부드러운,고급용지,,,,
고급지 독판전단,반누보,화이트,백색,273,부드러운,고급용지,,,,
고급지 독판전단,스타드림,쿼츠,은색,110,펄,고급용지,,,,
고급지 독판전단,스타드림,쿼츠,은색,120,펄,고급용지,,,,
고급지 독판전단,스타드림,쿼츠,은색,240,펄,고급용지,,,,
고급지 독판전단,스타드림,쿼츠,은색,340,펄,고급용지,,,,
고급지 독판전단,아르떼,,백색,230,부드러운,고급용지,,,,
고급지 독판전단,몽블랑,엑스트라화이트,백색,90,부드러운,고급용지,,,,
고급지 독판전단,몽블랑,엑스트라화이트,백색,100,부드러운,고급용지,,,,
고급지 독판전단,몽블랑,엑스트라화이트,백색,130,부드러운,고급용지,,,,
고급지 독판전단,몽블랑,엑스트라화이트,백색,160,부드러운,고급용지,,,,
고급지 독판전단,몽블랑,엑스트라화이트,백색,210,부드러운,고급용지,,,,
고급지 독판전단,몽블랑,엑스트라화이트,백색,240,부드러운,고급용지,,,,
고급지 독판전단,몽블랑,화이트,연백색,90,부드러운,고급용지,,,,
고급지 독판전단,몽블랑,화이트,연백색,100,부드러운,고급용지,,,,
고급지 독판전단,몽블랑,화이트,연백색,130,부드러운,고급용지,,,,
고급지 독판전단,몽블랑,화이트,연백색,160,부드러운,고급용지,,,,
고급지 독판전단,몽블랑,화이트,연백색,210,부드러운,고급용지,,,,
고급지 독판전단,몽블랑,화이트,연백색,240,부드러운,고급용지,,,,
고급지 독판전단,앙상블,,백색,90,부드러운,고급용지,,,,
고급지 독판전단,앙상블,,백색,100,부드러운,고급용지,,,,
고급지 독판전단,앙상블,,백색,110,부드러운,고급용지,,,,
고급지 독판전단,앙상블,,백색,130,부드러운,고급용지,,,,
고급지 독판전단,앙상블,,백색,160,부드러운,고급용지,,,,
고급지 독판전단,앙상블,,백색,190,부드러운,고급용지,,,,
고급지 독판전단,앙상블,,백색,210,부드러운,고급용지,,,,
고급지 독판전단,앙상블,,백색,260,부드러운,고급용지,,,,
특수지 독판전단,크라프트,크라프트,갈색,98,무늬,특수용지,,,,
특수지 독판전단,크라프트,크라프트,갈색,120,무늬,특수용지,,,,
특수지 독판전단,크라프트,뉴크라프트보드,갈색,175,무늬,특수용지,,,,
특수지 독판전단,크라프트,뉴크라프트보드,갈색,205,무늬,특수용지,,,,
특수지 독판전단,크라프트,뉴크라프트보드,갈색,300,무늬,특수용지,,,,
특수지 독판전단,크라프트,뉴크라프트보드,갈색,440,무늬,특수용지,,,,
특수지 독판전단,크라프트,크라프트팩,갈색,224,무늬,특수용지,,,,
특수지 독판전단,크라프트,크라프트팩,갈색,283,무늬,특수용지,,,,
특수지 독판전단,크라프트,크라프트팩,갈색,410,무늬,특수용지,,,,
특수지 독판전단,매직칼라,,우유색,120,부드러운,특수용지,,,,
특수지 독판전단,매직칼라,,노른자색,120,부드러운,특수용지,,,,
특수지 독판전단,매직칼라,,뉴주홍색,120,부드러운,특수용지,,,,
특수지 독판전단,매직칼라,,분홍색,120,부드러운,특수용지,,,,
특수지 독판전단,매직칼라,,연두색,120,부드러운,특수용지,,,,
특수지 독판전단,파일지,,황색,120,부드러운,특수용지,,,,
특수지 독판전단,파일지,,황색,195,부드러운,특수용지,,,,
특수지 독판전단,파일지,,황색,235,부드러운,특수용지,,,,
수입지 독판전단,마제스틱,캔들라이트크림,미색,120,반짝이는,수입용지,,,,
수입지 독판전단,마제스틱,캔들라이트크림,미색,200,반짝이는,수입용지,,,,
수입지 독판전단,마제스틱,캔들라이트크림,미색,250,반짝이는,수입용지,,,,
수입지 독판전단,마제스틱,째즈라이트골드,은색,120,반짝이는,수입용지,,,,
수입지 독판전단,마제스틱,째즈라이트골드,은색,200,반짝이는,수입용지,,,,
수입지 독판전단,마제스틱,째즈라이트골드,은색,250,반짝이는,수입용지,,,,
수입지 독판전단,마제스틱,밀키화이트,연미색,120,반짝이는,수입용지,,,,
수입지 독판전단,마제스틱,밀키화이트,연미색,200,반짝이는,수입용지,,,,
수입지 독판전단,마제스틱,밀키화이트,연미색,250,반짝이는,수입용지,,,,
수입지 독판전단,마제스틱,마블화이트,화이트,120,반짝이는,수입용지,,,,
수입지 독판전단,마제스틱,마블화이트,화이트,200,반짝이는,수입용지,,,,
수입지 독판전단,마제스틱,마블화이트,화이트,250,반짝이는,수입용지,,,,
수입지 독판전단,쟈데,실크,실크색,215,펄엠보,수입용지,,,,
수입지 독판전단,오로,아이스골드,진주펄색,120,펄,수입용지,,,,
수입지 독판전단,오로,아이스골드,진주펄색,220,펄,수입용지,,,,
수입지 독판전단,오로,아이스골드,진주펄색,250,펄,수입용지,,,,
일반지 카다로그,아트지,,백색,100,매끈한,일반용지,,,,
,,,,,,,,,,
일반지 카다로그,아트지,,백색,120,매끈한,일반용지,,,,
,,,,,,,,,,
일반지 카다로그,아트지,,백색,150,매끈한,일반용지,,,,
,,,,,,,,,,
일반지 카다로그,아트지,,백색,180,매끈한,일반용지,,,,
,,,,,,,,,,
일반지 카다로그,아트지,,백색,200,매끈한,일반용지,,,,
,,,,,,,,,,
일반지 카다로그,아트지,,백색,250,매끈한,일반용지,,,,
,,,,,,,,,,
일반지 카다로그,아트지,,백색,300,매끈한,일반용지,,,,
,,,,,,,,,,
일반지 카다로그,모조지,,백색,70,부드러운,일반용지,,,,
,,,,,,,,,,
일반지 카다로그,모조지,,백색,80,부드러운,일반용지,,,,
,,,,,,,,,,
일반지 카다로그,모조지,,백색,100,부드러운,일반용지,,,,
,,,,,,,,,,
일반지 카다로그,모조지,,백색,120,부드러운,일반용지,,,,
,,,,,,,,,,
일반지 카다로그,모조지,,백색,150,부드러운,일반용지,,,,
,,,,,,,,,,
일반지 카다로그,모조지,,백색,180,부드러운,일반용지,,,,
,,,,,,,,,,
일반지 카다로그,모조지,,백색,220,부드러운,일반용지,,,,
,,,,,,,,,,
일반지 카다로그,모조지,,백색,260,부드러운,일반용지,,,,
,,,,,,,,,,
일반지 카다로그,모조지,,미색,80,부드러운,일반용지,,,,
,,,,,,,,,,
일반지 카다로그,모조지,,미색,100,부드러운,일반용지,,,,
,,,,,,,,,,
일반지 카다로그,스노우지,,백색,100,은은한,일반용지,,,,
,,,,,,,,,,
일반지 카다로그,스노우지,,백색,120,은은한,일반용지,,,,
,,,,,,,,,,
일반지 카다로그,스노우지,,백색,150,은은한,일반용지,,,,
,,,,,,,,,,
일반지 카다로그,스노우지,,백색,180,은은한,일반용지,,,,
,,,,,,,,,,
일반지 카다로그,스노우지,,백색,200,은은한,일반용지,,,,
,,,,,,,,,,
일반지 카다로그,스노우지,,백색,250,은은한,일반용지,,,,
,,,,,,,,,,
일반지 카다로그,스노우지,,백색,300,은은한,일반용지,,,,
,,,,,,,,,,
고급지 카다로그,랑데뷰,네츄럴,미색,90,부드러운,고급용지,,,,
고급지 카다로그,랑데뷰,네츄럴,미색,105,부드러운,고급용지,,,,
고급지 카다로그,랑데뷰,네츄럴,미색,130,부드러운,고급용지,,,,
고급지 카다로그,랑데뷰,네츄럴,미색,160,부드러운,고급용지,,,,
고급지 카다로그,랑데뷰,네츄럴,미색,190,부드러운,고급용지,,,,
고급지 카다로그,랑데뷰,네츄럴,미색,210,부드러운,고급용지,,,,
고급지 카다로그,랑데뷰,네츄럴,미색,240,부드러운,고급용지,,,,
고급지 카다로그,랑데뷰,울트라화이트,고백색,90,부드러운,고급용지,,,,
고급지 카다로그,랑데뷰,울트라화이트,고백색,105,부드러운,고급용지,,,,
고급지 카다로그,랑데뷰,울트라화이트,고백색,130,부드러운,고급용지,,,,
고급지 카다로그,랑데뷰,울트라화이트,고백색,160,부드러운,고급용지,,,,
고급지 카다로그,랑데뷰,울트라화이트,고백색,190,부드러운,고급용지,,,,
고급지 카다로그,랑데뷰,울트라화이트,고백색,210,부드러운,고급용지,,,,
고급지 카다로그,랑데뷰,울트라화이트,고백색,240,부드러운,고급용지,,,,
고급지 카다로그,휘라레,솔라화이트,백색,216,엠보,고급용지,,,,
고급지 카다로그,반누보,네츄럴,미색,122,부드러운,고급용지,,,,
고급지 카다로그,반누보,네츄럴,미색,151,부드러운,고급용지,,,,
고급지 카다로그,반누보,네츄럴,미색,175,부드러운,고급용지,,,,
고급지 카다로그,반누보,네츄럴,미색,204,부드러운,고급용지,,,,
고급지 카다로그,반누보,네츄럴,미색,227,부드러운,고급용지,,,,
고급지 카다로그,반누보,화이트,백색,122,부드러운,고급용지,,,,
고급지 카다로그,반누보,화이트,백색,151,부드러운,고급용지,,,,
고급지 카다로그,반누보,화이트,백색,175,부드러운,고급용지,,,,
고급지 카다로그,반누보,화이트,백색,204,부드러운,고급용지,,,,
고급지 카다로그,반누보,화이트,백색,227,부드러운,고급용지,,,,
고급지 카다로그,반누보,화이트,백색,250,부드러운,고급용지,,,,
고급지 카다로그,반누보,화이트,백색,273,부드러운,고급용지,,,,
고급지 카다로그,스타드림,쿼츠,은색,110,펄,고급용지,,,,
고급지 카다로그,스타드림,쿼츠,은색,120,펄,고급용지,,,,
고급지 카다로그,스타드림,쿼츠,은색,240,펄,고급용지,,,,
고급지 카다로그,스타드림,쿼츠,은색,340,펄,고급용지,,,,
고급지 카다로그,아르떼,,백색,230,부드러운,고급용지,,,,
고급지 카다로그,몽블랑,엑스트라화이트,백색,90,부드러운,고급용지,,,,
고급지 카다로그,몽블랑,엑스트라화이트,백색,100,부드러운,고급용지,,,,
고급지 카다로그,몽블랑,엑스트라화이트,백색,130,부드러운,고급용지,,,,
고급지 카다로그,몽블랑,엑스트라화이트,백색,160,부드러운,고급용지,,,,
고급지 카다로그,몽블랑,엑스트라화이트,백색,210,부드러운,고급용지,,,,
고급지 카다로그,몽블랑,엑스트라화이트,백색,240,부드러운,고급용지,,,,
고급지 카다로그,몽블랑,화이트,연백색,90,부드러운,고급용지,,,,
고급지 카다로그,몽블랑,화이트,연백색,100,부드러운,고급용지,,,,
고급지 카다로그,몽블랑,화이트,연백색,130,부드러운,고급용지,,,,
고급지 카다로그,몽블랑,화이트,연백색,160,부드러운,고급용지,,,,
고급지 카다로그,몽블랑,화이트,연백색,210,부드러운,고급용지,,,,
고급지 카다로그,몽블랑,화이트,연백색,240,부드러운,고급용지,,,,
고급지 카다로그,앙상블,,백색,90,부드러운,고급용지,,,,
고급지 카다로그,앙상블,,백색,100,부드러운,고급용지,,,,
고급지 카다로그,앙상블,,백색,110,부드러운,고급용지,,,,
고급지 카다로그,앙상블,,백색,130,부드러운,고급용지,,,,
고급지 카다로그,앙상블,,백색,160,부드러운,고급용지,,,,
고급지 카다로그,앙상블,,백색,190,부드러운,고급용지,,,,
고급지 카다로그,앙상블,,백색,210,부드러운,고급용지,,,,
고급지 카다로그,앙상블,,백색,260,부드러운,고급용지,,,,
특수지 카다로그,크라프트,크라프트,갈색,98,무늬,특수용지,,,,
특수지 카다로그,크라프트,크라프트,갈색,120,무늬,특수용지,,,,
특수지 카다로그,크라프트,뉴크라프트보드,갈색,175,무늬,특수용지,,,,
특수지 카다로그,크라프트,뉴크라프트보드,갈색,205,무늬,특수용지,,,,
특수지 카다로그,크라프트,뉴크라프트보드,갈색,300,무늬,특수용지,,,,
특수지 카다로그,크라프트,뉴크라프트보드,갈색,440,무늬,특수용지,,,,
특수지 카다로그,크라프트,크라프트팩,갈색,224,무늬,특수용지,,,,
특수지 카다로그,크라프트,크라프트팩,갈색,283,무늬,특수용지,,,,
특수지 카다로그,크라프트,크라프트팩,갈색,410,무늬,특수용지,,,,
특수지 카다로그,매직칼라,,우유색,120,부드러운,특수용지,,,,
특수지 카다로그,매직칼라,,노른자색,120,부드러운,특수용지,,,,
특수지 카다로그,매직칼라,,뉴주홍색,120,부드러운,특수용지,,,,
특수지 카다로그,매직칼라,,분홍색,120,부드러운,특수용지,,,,
특수지 카다로그,매직칼라,,연두색,120,부드러운,특수용지,,,,
특수지 카다로그,파일지,,황색,120,부드러운,특수용지,,,,
특수지 카다로그,파일지,,황색,195,부드러운,특수용지,,,,
특수지 카다로그,파일지,,황색,235,부드러운,특수용지,,,,
특수지 카다로그,레자크,#96,아이보리,120,부드러운,특수용지,,,,
수입지 카다로그,마제스틱,캔들라이트크림,미색,120,반짝이는,수입용지,,,,
수입지 카다로그,마제스틱,캔들라이트크림,미색,200,반짝이는,수입용지,,,,
수입지 카다로그,마제스틱,캔들라이트크림,미색,250,반짝이는,수입용지,,,,
수입지 카다로그,마제스틱,째즈라이트골드,은색,120,반짝이는,수입용지,,,,
수입지 카다로그,마제스틱,째즈라이트골드,은색,200,반짝이는,수입용지,,,,
수입지 카다로그,마제스틱,째즈라이트골드,은색,250,반짝이는,수입용지,,,,
수입지 카다로그,마제스틱,밀키화이트,연미색,120,반짝이는,수입용지,,,,
수입지 카다로그,마제스틱,밀키화이트,연미색,200,반짝이는,수입용지,,,,
수입지 카다로그,마제스틱,밀키화이트,연미색,250,반짝이는,수입용지,,,,
수입지 카다로그,마제스틱,마블화이트,화이트,120,반짝이는,수입용지,,,,
수입지 카다로그,마제스틱,마블화이트,화이트,200,반짝이는,수입용지,,,,
수입지 카다로그,마제스틱,마블화이트,화이트,250,반짝이는,수입용지,,,,
수입지 카다로그,쟈데,실크,실크색,215,펄엠보,수입용지,,,,
수입지 카다로그,오로,아이스골드,진주펄색,120,펄,수입용지,,,,
수입지 카다로그,오로,아이스골드,진주펄색,220,펄,수입용지,,,,
수입지 카다로그,오로,아이스골드,진주펄색,250,펄,수입용지,,,,
일반지 책자 인쇄물,아트지,,백색,100,매끈한,일반용지,,,,
,,,,,,,,,,
일반지 책자 인쇄물,아트지,,백색,120,매끈한,일반용지,,,,
,,,,,,,,,,
일반지 책자 인쇄물,아트지,,백색,150,매끈한,일반용지,,,,
,,,,,,,,,,
일반지 책자 인쇄물,아트지,,백색,180,매끈한,일반용지,,,,
,,,,,,,,,,
일반지 책자 인쇄물,아트지,,백색,200,매끈한,일반용지,,,,
,,,,,,,,,,
일반지 책자 인쇄물,아트지,,백색,250,매끈한,일반용지,,,,
,,,,,,,,,,
일반지 책자 인쇄물,아트지,,백색,300,매끈한,일반용지,,,,
,,,,,,,,,,
일반지 책자 인쇄물,모조지,,백색,70,부드러운,일반용지,,,,
,,,,,,,,,,
일반지 책자 인쇄물,모조지,,백색,80,부드러운,일반용지,,,,
,,,,,,,,,,
일반지 책자 인쇄물,모조지,,백색,100,부드러운,일반용지,,,,
,,,,,,,,,,
일반지 책자 인쇄물,모조지,,백색,120,부드러운,일반용지,,,,
,,,,,,,,,,
일반지 책자 인쇄물,모조지,,백색,150,부드러운,일반용지,,,,
,,,,,,,,,,
일반지 책자 인쇄물,모조지,,백색,180,부드러운,일반용지,,,,
,,,,,,,,,,
일반지 책자 인쇄물,모조지,,백색,220,부드러운,일반용지,,,,
,,,,,,,,,,
일반지 책자 인쇄물,모조지,,백색,260,부드러운,일반용지,,,,
,,,,,,,,,,
일반지 책자 인쇄물,모조지,,미색,80,부드러운,일반용지,,,,
,,,,,,,,,,
일반지 책자 인쇄물,모조지,,미색,100,부드러운,일반용지,,,,
,,,,,,,,,,
일반지 책자 인쇄물,스노우지,,백색,100,은은한,일반용지,,,,
,,,,,,,,,,
일반지 책자 인쇄물,스노우지,,백색,120,은은한,일반용지,,,,
,,,,,,,,,,
일반지 책자 인쇄물,스노우지,,백색,150,은은한,일반용지,,,,
,,,,,,,,,,
일반지 책자 인쇄물,스노우지,,백색,180,은은한,일반용지,,,,
,,,,,,,,,,
일반지 책자 인쇄물,스노우지,,백색,200,은은한,일반용지,,,,
,,,,,,,,,,
일반지 책자 인쇄물,스노우지,,백색,250,은은한,일반용지,,,,
,,,,,,,,,,
일반지 책자 인쇄물,스노우지,,백색,300,은은한,일반용지,,,,
,,,,,,,,,,
고급지 책자 인쇄물,,,,,,,,,,
특수지 책자 인쇄물,,,,,,,,,,
수입지 책자 인쇄물,,,,,,,,,,
포스터,아트지,,백색,100,매끈한,일반용지,,,,
,,,,,,,,,,
포스터,아트지,,백색,120,매끈한,일반용지,,,,
,,,,,,,,,,
포스터,아트지,,백색,150,매끈한,일반용지,,,,
,,,,,,,,,,
포스터,아트지,,백색,180,매끈한,일반용지,,,,
,,,,,,,,,,
포스터,아트지,,백색,200,매끈한,일반용지,,,,
,,,,,,,,,,
포스터,아트지,,백색,250,매끈한,일반용지,,,,
,,,,,,,,,,
포스터,아트지,,백색,300,매끈한,일반용지,,,,
,,,,,,,,,,
포스터,모조지,,백색,70,부드러운,일반용지,,,,
,,,,,,,,,,
포스터,모조지,,백색,80,부드러운,일반용지,,,,
,,,,,,,,,,
포스터,모조지,,백색,100,부드러운,일반용지,,,,
,,,,,,,,,,
포스터,모조지,,백색,120,부드러운,일반용지,,,,
,,,,,,,,,,
포스터,모조지,,백색,150,부드러운,일반용지,,,,
,,,,,,,,,,
포스터,모조지,,백색,180,부드러운,일반용지,,,,
,,,,,,,,,,
포스터,모조지,,백색,220,부드러운,일반용지,,,,
,,,,,,,,,,
포스터,모조지,,백색,260,부드러운,일반용지,,,,
,,,,,,,,,,
포스터,모조지,,미색,80,부드러운,일반용지,,,,
,,,,,,,,,,
포스터,모조지,,미색,100,부드러운,일반용지,,,,
,,,,,,,,,,
포스터,스노우지,,백색,100,은은한,일반용지,,,,
,,,,,,,,,,
포스터,스노우지,,백색,120,은은한,일반용지,,,,
,,,,,,,,,,
포스터,스노우지,,백색,150,은은한,일반용지,,,,
,,,,,,,,,,
포스터,스노우지,,백색,180,은은한,일반용지,,,,
,,,,,,,,,,
포스터,스노우지,,백색,200,은은한,일반용지,,,,
,,,,,,,,,,
포스터,스노우지,,백색,250,은은한,일반용지,,,,
,,,,,,,,,,
포스터,스노우지,,백색,300,은은한,일반용지,,,,
,,,,,,,,,,
책표지,,,,,,,,,,
,,,,,,,,,,
리플렛/팜플렛,아트지,,백색,100,매끈한,일반용지,,,,
,,,,,,,,,,
리플렛/팜플렛,아트지,,백색,120,매끈한,일반용지,,,,
,,,,,,,,,,
리플렛/팜플렛,아트지,,백색,150,매끈한,일반용지,,,,
,,,,,,,,,,
리플렛/팜플렛,아트지,,백색,180,매끈한,일반용지,,,,
,,,,,,,,,,
리플렛/팜플렛,아트지,,백색,200,매끈한,일반용지,,,,
,,,,,,,,,,
리플렛/팜플렛,아트지,,백색,250,매끈한,일반용지,,,,
,,,,,,,,,,
리플렛/팜플렛,아트지,,백색,300,매끈한,일반용지,,,,
,,,,,,,,,,
리플렛/팜플렛,모조지,,백색,70,부드러운,일반용지,,,,
,,,,,,,,,,
리플렛/팜플렛,모조지,,백색,80,부드러운,일반용지,,,,
,,,,,,,,,,
리플렛/팜플렛,모조지,,백색,100,부드러운,일반용지,,,,
,,,,,,,,,,
리플렛/팜플렛,모조지,,백색,120,부드러운,일반용지,,,,
,,,,,,,,,,
리플렛/팜플렛,모조지,,백색,150,부드러운,일반용지,,,,
,,,,,,,,,,
리플렛/팜플렛,모조지,,백색,180,부드러운,일반용지,,,,
,,,,,,,,,,
리플렛/팜플렛,모조지,,백색,220,부드러운,일반용지,,,,
,,,,,,,,,,
리플렛/팜플렛,모조지,,백색,260,부드러운,일반용지,,,,
,,,,,,,,,,
리플렛/팜플렛,모조지,,미색,80,부드러운,일반용지,,,,
,,,,,,,,,,
리플렛/팜플렛,모조지,,미색,100,부드러운,일반용지,,,,
,,,,,,,,,,
리플렛/팜플렛,스노우지,,백색,100,은은한,일반용지,,,,
,,,,,,,,,,
리플렛/팜플렛,스노우지,,백색,120,은은한,일반용지,,,,
,,,,,,,,,,
리플렛/팜플렛,스노우지,,백색,150,은은한,일반용지,,,,
,,,,,,,,,,
리플렛/팜플렛,스노우지,,백색,180,은은한,일반용지,,,,
,,,,,,,,,,
리플렛/팜플렛,스노우지,,백색,200,은은한,일반용지,,,,
,,,,,,,,,,
리플렛/팜플렛,스노우지,,백색,250,은은한,일반용지,,,,
,,,,,,,,,,
리플렛/팜플렛,스노우지,,백색,300,은은한,일반용지,,,,
,,,,,,,,,,
상가책자(쿠폰북),,,,,,,,,,
메뉴판,아트지,,백색,300,매끈한,일반용지,,,,
,,,,,,,,,,
홀더,아트지,,백색,300,매끈한,일반용지,,,,
,,,,,,,,,,
홀더,스노우지,,백색,300,은은한,일반용지,,,,
,,,,,,,,,,
문어발,아트지,,백색,100,매끈한,일반용지,,,,
,,,,,,,,,,
문고리,아트지,,백색,150,매끈한,일반용지,,,,
,,,,,,,,,,
문고리,아트지,,백색,180,매끈한,일반용지,,,,
,,,,,,,,,,
문고리,아트지,,백색,200,매끈한,일반용지,,,,
,,,,,,,,,,
문고리,아트지,,백색,250,매끈한,일반용지,,,,
,,,,,,,,,,
문고리,아트지,,백색,300,매끈한,일반용지,,,,
,,,,,,,,,,
메모지,모조지,,백색,80,부드러운,일반용지,,,,
,,,,,,,,,,
결합 상품,,,,,,,,,,
규격 대봉투 ,모조지,,백색,120,부드러운,일반용지,,,,
,,,,,,,,,,
규격 대봉투 ,모조지,,백색,150,부드러운,일반용지,,,,
,,,,,,,,,,
규격 대봉투 ,레자크,#91(체크),백색,110,엠보,특수용지,,,,
,,,,,,,,,,
규격 대봉투 ,레자크,#91(줄),백색,110,엠보,특수용지,,,,
,,,,,,,,,,
자켓 대봉투 ,모조지,,백색,120,부드러운,일반용지,,,,
자켓 대봉투 ,모조지,,백색,150,부드러운,일반용지,,,,
자켓 대봉투 ,레자크,#91(체크),백색,110,엠보,특수용지,,,,
자켓 대봉투 ,레자크,#91(줄),백색,110,엠보,특수용지,,,,
규격 중봉투 ,모조지,,백색,120,부드러운,일반용지,,,,
,,,,,,,,,,
규격 중봉투 ,모조지,,백색,150,부드러운,일반용지,,,,
,,,,,,,,,,
규격 중봉투 ,레자크,#91(체크),백색,110,엠보,특수용지,,,,
,,,,,,,,,,
규격 중봉투 ,레자크,#91(줄),백색,110,엠보,특수용지,,,,
,,,,,,,,,,
자켓 중봉투 ,모조지,,백색,120,부드러운,일반용지,,,,
자켓 중봉투 ,모조지,,백색,150,부드러운,일반용지,,,,
자켓 중봉투 ,레자크,#91(체크),백색,110,엠보,특수용지,,,,
자켓 중봉투 ,레자크,#91(줄),백색,110,엠보,특수용지,,,,
규격 소봉투 ,모조지,,백색,100,부드러운,일반용지,,,,
,,,,,,,,,,
규격 소봉투 ,모조지,,백색,120,부드러운,일반용지,,,,
,,,,,,,,,,
규격 소봉투 ,레자크,#91(체크),백색,110,엠보,특수용지,,,,
,,,,,,,,,,
규격 소봉투 ,레자크,#91(줄),백색,110,엠보,특수용지,,,,
,,,,,,,,,,
자켓 소봉투,모조지,,백색,100,부드러운,일반용지,,,,
,,,,,,,,,,
자켓 소봉투,모조지,,백색,120,부드러운,일반용지,,,,
,,,,,,,,,,
자켓 소봉투,레자크,#91(체크),백색,110,엠보,특수용지,,,,
,,,,,,,,,,
자켓 소봉투,레자크,#91(줄),백색,110,엠보,특수용지,,,,
,,,,,,,,,,
규격 대봉투 ,,,,,,,,,,
자켓 대봉투 ,,,,,,,,,,
규격 중봉투 ,,,,,,,,,,
자켓 중봉투 ,,,,,,,,,,
규격 소봉투 ,,,,,,,,,,
자켓 소봉투,,,,,,,,,,
각대봉투,레자크,#64,백색,100,엠보,특수용지,,,,
각대봉투,레자크,#64,크림,100,엠보,특수용지,,,,
각대봉투,레자크,#75,하늘,100,엠보,특수용지,,,,
각대봉투,레자크,#92(줄),백색,100,엠보,특수용지,,,,
각대봉투,레자크,#92(줄),연미색,100,엠보,특수용지,,,,
각대봉투,파일지,,황색,120,부드러운,특수용지,,,,
각대봉투,크라프트,,갈색,100,무늬,특수용지,,,,
각대봉투,모조지,,백색,100,부드러운,일반용지,,,,
각대봉투,모조지,,백색,120,부드러운,일반용지,,,,
신규격봉투,모조지,,백색,80,부드러운,일반용지,,,,
신규격봉투,모조지,,백색,100,부드러운,일반용지,,,,
사각봉투,레자크,#64,백색,100,엠보,특수용지,,,,
사각봉투,레자크,#92(줄),백색,100,엠보,특수용지,,,,
사각봉투,레자크,#92(줄),연미색,100,엠보,특수용지,,,,
사각봉투,모조지,,백색,100,부드러운,일반용지,,,,
카드봉투,모조지,,백색,100,부드러운,일반용지,,,,
월급봉투,크라프트,크라프트,갈색,98,무늬,특수용지,,,,
수강료봉투,레자크,#64,백색,100,엠보,특수용지,,,,
수강료봉투,레자크,#64,크림,100,엠보,특수용지,,,,
수강료봉투,레자크,#75,하늘,100,엠보,특수용지,,,,
티켓봉투,레자크,#92(줄),백색,100,엠보,특수용지,,,,
티켓봉투,레자크,#92(줄),연미색,100,엠보,특수용지,,,,
장교봉투,모조지,,백색,100,부드러운,일반용지,,,,
창봉투,모조지,,백색,100,부드러운,일반용지,,,,
상하지(2매1조),NCR,상지,백색,53,매끈한,특수용지,,,,
,,,,,,,,,,
상하지(2매1조),NCR,상지,황색,53,매끈한,특수용지,,,,
,,,,,,,,,,
상하지(2매1조),NCR,상지,적색,53,매끈한,특수용지,,,,
,,,,,,,,,,
상하지(2매1조),NCR,상지,청색,53,매끈한,특수용지,,,,
,,,,,,,,,,
상하지(2매1조),NCR,상지,녹색,53,매끈한,특수용지,,,,
,,,,,,,,,,
상하지(2매1조),NCR,하지,백색,53,매끈한,특수용지,,,,
,,,,,,,,,,
상하지(2매1조),NCR,하지,황색,53,매끈한,특수용지,,,,
,,,,,,,,,,
상하지(2매1조),NCR,하지,적색,53,매끈한,특수용지,,,,
,,,,,,,,,,
상하지(2매1조),NCR,하지,청색,53,매끈한,특수용지,,,,
,,,,,,,,,,
상하지(2매1조),NCR,하지,녹색,53,매끈한,특수용지,,,,
,,,,,,,,,,
상중하지(3매1조),NCR,상지,백색,53,매끈한,특수용지,,,,
,,,,,,,,,,
상중하지(3매1조),NCR,상지,황색,53,매끈한,특수용지,,,,
,,,,,,,,,,
상중하지(3매1조),NCR,상지,적색,53,매끈한,특수용지,,,,
,,,,,,,,,,
상중하지(3매1조),NCR,상지,청색,53,매끈한,특수용지,,,,
,,,,,,,,,,
상중하지(3매1조),NCR,상지,녹색,53,매끈한,특수용지,,,,
,,,,,,,,,,
상중하지(3매1조),NCR,중지,백색,53,매끈한,특수용지,,,,
,,,,,,,,,,
상중하지(3매1조),NCR,중지,황색,53,매끈한,특수용지,,,,
,,,,,,,,,,
상중하지(3매1조),NCR,중지,적색,53,매끈한,특수용지,,,,
,,,,,,,,,,
상중하지(3매1조),NCR,중지,청색,53,매끈한,특수용지,,,,
,,,,,,,,,,
상중하지(3매1조),NCR,중지,녹색,53,매끈한,특수용지,,,,
,,,,,,,,,,
상중하지(3매1조),NCR,하지,백색,53,매끈한,특수용지,,,,
,,,,,,,,,,
상중하지(3매1조),NCR,하지,황색,53,매끈한,특수용지,,,,
,,,,,,,,,,
상중하지(3매1조),NCR,하지,적색,53,매끈한,특수용지,,,,
,,,,,,,,,,
상중하지(3매1조),NCR,하지,청색,53,매끈한,특수용지,,,,
,,,,,,,,,,
상중하지(3매1조),NCR,하지,녹색,53,매끈한,특수용지,,,,
,,,,,,,,,,
상중중하지(4매1조),NCR,상지,백색,53,매끈한,특수용지,,,,
,,,,,,,,,,
상중중하지(4매1조),NCR,상지,황색,53,매끈한,특수용지,,,,
,,,,,,,,,,
상중중하지(4매1조),NCR,상지,적색,53,매끈한,특수용지,,,,
,,,,,,,,,,
상중중하지(4매1조),NCR,상지,청색,53,매끈한,특수용지,,,,
,,,,,,,,,,
상중중하지(4매1조),NCR,상지,녹색,53,매끈한,특수용지,,,,
,,,,,,,,,,
상중중하지(4매1조),NCR,중지,백색,53,매끈한,특수용지,,,,
,,,,,,,,,,
상중중하지(4매1조),NCR,중지,황색,53,매끈한,특수용지,,,,
,,,,,,,,,,
상중중하지(4매1조),NCR,중지,적색,53,매끈한,특수용지,,,,
,,,,,,,,,,
상중중하지(4매1조),NCR,중지,청색,53,매끈한,특수용지,,,,
,,,,,,,,,,
상중중하지(4매1조),NCR,중지,녹색,53,매끈한,특수용지,,,,
,,,,,,,,,,
상중중하지(4매1조),NCR,중지,백색,53,매끈한,특수용지,,,,
,,,,,,,,,,
상중중하지(4매1조),NCR,중지,황색,53,매끈한,특수용지,,,,
,,,,,,,,,,
상중중하지(4매1조),NCR,중지,적색,53,매끈한,특수용지,,,,
,,,,,,,,,,
상중중하지(4매1조),NCR,중지,청색,53,매끈한,특수용지,,,,
,,,,,,,,,,
상중중하지(4매1조),NCR,중지,녹색,53,매끈한,특수용지,,,,
,,,,,,,,,,
상중중하지(4매1조),NCR,하지,백색,53,매끈한,특수용지,,,,
,,,,,,,,,,
상중중하지(4매1조),NCR,하지,황색,53,매끈한,특수용지,,,,
,,,,,,,,,,
상중중하지(4매1조),NCR,하지,적색,53,매끈한,특수용지,,,,
,,,,,,,,,,
상중중하지(4매1조),NCR,하지,청색,53,매끈한,특수용지,,,,
,,,,,,,,,,
상중중하지(4매1조),NCR,하지,녹색,53,매끈한,특수용지,,,,
,,,,,,,,,,
양식지,모조지,,백색,70,부드러운,일반용지,,,,
,,,,,,,,,,
양식지,모조지,,백색,80,부드러운,일반용지,,,,
,,,,,,,,,,
양식지,모조지,,백색,100,부드러운,일반용지,,,,
,,,,,,,,,,
,,,,,,,,,,
일반지 전단,아트지,,백색,100,매끈한,일반용지,,,,
,,,,,,,,,,
일반지 전단,아트지,,백색,120,매끈한,일반용지,,,,
,,,,,,,,,,
일반지 전단,아트지,,백색,150,매끈한,일반용지,,,,
,,,,,,,,,,
일반지 전단,아트지,,백색,180,매끈한,일반용지,,,,
,,,,,,,,,,
일반지 전단,아트지,,백색,200,매끈한,일반용지,,,,
,,,,,,,,,,
일반지 전단,아트지,,백색,250,매끈한,일반용지,,,,
,,,,,,,,,,
일반지 전단,아트지,,백색,300,매끈한,일반용지,,,,
,,,,,,,,,,
일반지 전단,모조지,,백색,70,부드러운,일반용지,,,,
,,,,,,,,,,
일반지 전단,모조지,,백색,80,부드러운,일반용지,,,,
,,,,,,,,,,
일반지 전단,모조지,,백색,100,부드러운,일반용지,,,,
,,,,,,,,,,
일반지 전단,스노우지,,백색,100,은은한,일반용지,,,,
,,,,,,,,,,
일반지 전단,스노우지,,백색,120,은은한,일반용지,,,,
,,,,,,,,,,
일반지 전단,스노우지,,백색,150,은은한,일반용지,,,,
,,,,,,,,,,
일반지 전단,스노우지,,백색,180,은은한,일반용지,,,,
,,,,,,,,,,
일반지 전단,스노우지,,백색,200,은은한,일반용지,,,,
,,,,,,,,,,
일반지 전단,스노우지,,백색,250,은은한,일반용지,,,,
,,,,,,,,,,
일반지 전단,스노우지,,백색,300,은은한,일반용지,,,,
,,,,,,,,,,
고급지 전단,,,,,,,,,,
특수지 전단,,,,,,,,,,
수입지 전단,,,,,,,,,,
M타입봉투,비닐,,백색,10,매끈한,기타용지,,,,
사각타입봉투,비닐,,백색,10,매끈한,기타용지,,,,
다이니티명함,,,,,,수입용지,,,,
아르떼명함,아르떼,,백색,230,부드러운,수입용지,,,,
네뚜노명함,네뚜노,화이트,백색,215,엠보,수입용지,,,,
대례지명함,,,,,,수입용지,,,,
르느와르명함,,,,,,수입용지,,,,
띤또레또명함,띤또레또,Gesso,순백색,250,엠보,수입용지,,,,
랑데뷰명함,,,,,,수입용지,,,,
레이나명함,,,,,,수입용지,,,,
루프 스노우명함,,,,,,수입용지,,,,
루프 스트로명함,,,,,,수입용지,,,,
마쉬맬로우 아이보리명함,,,,,,수입용지,,,,
마제스틱 메탈금명함,마제스틱,캔들라이트크림,미색,250,반짝이는,수입용지,,,,
마제스틱 메탈은명함,마제스틱,째즈라이트골드,은색,250,반짝이는,수입용지,,,,
키칼라메탈릭 화이트명함,,,,,,수입용지,,,,
몽블랑 명함,몽블랑,엑스트라화이트,백색,240,부드러운,수입용지,,,,
시로에콜로 에코명함,,,,,,수입용지,,,,
문켄디자인 폴라명함,,,,,,수입용지,,,,
빌리지 네츄럴명함,,,,,,수입용지,,,,
슈퍼파인명함,,,,,,수입용지,,,,
스마트명함,,,,,,수입용지,,,,
스타드림 화이트명함,,,,,,수입용지,,,,
시리오펄 골드명함,시리오펄,골드,금색,230,펄,수입용지,,,,
시리오펄 실버명함,시리오펄,실버,은색,230,펄,수입용지,,,,
시리오펄 스노우명함,시리오펄,스노우,흰색,230,펄,수입용지,,,,
시리오펄 진주명함,시리오펄,진주,진주색,230,펄,수입용지,,,,
심볼 명함,심볼사틴,화이트,백색,250,,수입용지,,,,
울트라 사틴명함,,,,,,수입용지,,,,
썬샤인명함,썬샤인,화이트,백색,230,매끈한,수입용지,,,,
앙상블명함,앙상블,,백색,210,부드러운,수입용지,,,,
에이프릴 브라이드명함,,,,,,수입용지,,,,
오로 황금명함,오로,아이스골드,진주펄색,250,펄,수입용지,,,,
유포 블루명함,,,,,,수입용지,,,,
인바이런먼트명함,,,,,,수입용지,,,,
코롤라명함,코롤라,화이트,백색,240,엠보,수입용지,,,,
크롬코트 실크명함,,,,,,수입용지,,,,
크롬코트 화이트명함,,,,,,수입용지,,,,
트루카드 명함,트루카드,언코팅 Matt,연청색,220,매끈한,수입용지,,,,
켄도명함,,,,,,수입용지,,,,
코로나도명함,,,,,,수입용지,,,,
프리즈마명함,,,,,,수입용지,,,,
휘닉스모션명함,,,,,,수입용지,,,,
린넨커버 펄명함,린넨커버,화이트 펄,백색,227,펄,수입용지,,,,
반누브 화이트명함,반누보,화이트,백색,210,부드러운,수입용지,,,,
반누브 울트라화이트명함,,,,,,수입용지,,,,
스펜더룩스명함,스펜더룩스,리자드 화이트,백색,250,엠보,수입용지,,,,
카멜레온명함,,,,,,수입용지,,,,
Extra 퓨어명함,엑스트라 FSC,퓨어-머쉬계열,백색,250,매끈한,수입용지,,,,
Extra 매트명함,엑스트라 FSC,매트-누브계열,백색,250,부드러운,수입용지,,,,
Extra 린넨명함,엑스트라 FSC,린넨-휘라레계열,백색,250,엠보,수입용지,,,,
파스텔릭스,,,,,,수입용지,,,,
