강접 코팅스티커,60*40,스티커사이즈,원터치재단,60,40,60,40,54,34,-,-,46,2절 8개판,아그파판,760*635
강접 코팅스티커,70*40,스티커사이즈,원터치재단,70,40,70,40,64,34,-,-,46,2절 8개판,아그파판,760*635
강접 코팅스티커,80*50,스티커사이즈,원터치재단,80,50,80,50,74,44,-,-,46,2절 8개판,아그파판,760*635
강접 코팅스티커,90*55,스티커사이즈,원터치재단,90,55,90,55,84,49,-,-,46,2절 8개판,아그파판,760*635
강접 코팅스티커,90*60,스티커사이즈,원터치재단,90,60,90,60,84,54,-,-,46,2절 8개판,아그파판,760*635
강접 코팅스티커,90*70,스티커사이즈,원터치재단,90,70,90,70,84,64,-,-,46,2절 8개판,아그파판,760*635
강접 코팅스티커,90*80,스티커사이즈,원터치재단,90,80,90,80,84,74,-,-,46,2절 8개판,아그파판,760*635
강접 코팅스티커,90*90,스티커사이즈,원터치재단,90,90,90,90,84,84,-,-,46,2절 8개판,아그파판,760*635
강접 코팅스티커,90*100,스티커사이즈,원터치재단,90,100,90,100,84,94,-,-,46,2절 8개판,아그파판,760*635
강접 코팅스티커,90*110,스티커사이즈,원터치재단,90,110,90,110,84,104,-,-,46,2절 8개판,아그파판,760*635
강접 코팅스티커,90*120,스티커사이즈,원터치재단,90,120,90,120,84,114,-,-,46,2절 8개판,아그파판,760*635
강접 코팅스티커,90*130,스티커사이즈,원터치재단,90,130,90,130,84,124,-,-,46,2절 8개판,아그파판,760*635
강접 코팅스티커,90*140,스티커사이즈,원터치재단,90,140,90,140,84,134,-,-,46,2절 8개판,아그파판,760*635
강접 코팅스티커,90*150,스티커사이즈,원터치재단,90,150,90,150,84,144,-,-,46,2절 8개판,아그파판,760*635
강접 코팅스티커,60*40,스티커사이즈,투터치재단,66,46,60,40,66,46,-,-,46,2절 8개판,아그파판,760*635
강접 코팅스티커,70*40,스티커사이즈,투터치재단,76,46,70,40,76,46,-,-,46,2절 8개판,아그파판,760*635
강접 코팅스티커,80*50,스티커사이즈,투터치재단,86,56,80,50,86,56,-,-,46,2절 8개판,아그파판,760*635
강접 코팅스티커,90*55,스티커사이즈,투터치재단,96,61,90,55,96,61,-,-,46,2절 8개판,아그파판,760*635
강접 코팅스티커,90*60,스티커사이즈,투터치재단,96,66,90,60,96,66,-,-,46,2절 8개판,아그파판,760*635
강접 코팅스티커,90*70,스티커사이즈,투터치재단,96,76,90,70,96,76,-,-,46,2절 8개판,아그파판,760*635
강접 코팅스티커,90*80,스티커사이즈,투터치재단,96,86,90,80,96,86,-,-,46,2절 8개판,아그파판,760*635
강접 코팅스티커,90*90,스티커사이즈,투터치재단,96,96,90,90,96,96,-,-,46,2절 8개판,아그파판,760*635
강접 코팅스티커,90*100,스티커사이즈,투터치재단,96,106,90,100,96,106,-,-,46,2절 8개판,아그파판,760*635
강접 코팅스티커,90*110,스티커사이즈,투터치재단,96,116,90,110,96,116,-,-,46,2절 8개판,아그파판,760*635
강접 코팅스티커,90*120,스티커사이즈,투터치재단,96,126,90,120,96,126,-,-,46,2절 8개판,아그파판,760*635
강접 코팅스티커,90*130,스티커사이즈,투터치재단,96,136,90,130,96,136,-,-,46,2절 8개판,아그파판,760*635
강접 코팅스티커,90*140,스티커사이즈,투터치재단,96,146,90,140,96,146,-,-,46,2절 8개판,아그파판,760*635
강접 코팅스티커,90*150,스티커사이즈,투터치재단,96,156,90,150,96,156,-,-,46,2절 8개판,아그파판,760*635
강접 무코팅스티커,60*40,스티커사이즈,원터치재단,60,40,60,40,54,34,-,-,46,2절 8개판,아그파판,760*635
강접 무코팅스티커,70*40,스티커사이즈,원터치재단,70,40,70,40,64,34,-,-,46,2절 8개판,아그파판,760*635
강접 무코팅스티커,80*50,스티커사이즈,원터치재단,80,50,80,50,74,44,-,-,46,2절 8개판,아그파판,760*635
강접 무코팅스티커,90*55,스티커사이즈,원터치재단,90,55,90,55,84,49,-,-,46,2절 8개판,아그파판,760*635
강접 무코팅스티커,90*60,스티커사이즈,원터치재단,90,60,90,60,84,54,-,-,46,2절 8개판,아그파판,760*635
강접 무코팅스티커,90*70,스티커사이즈,원터치재단,90,70,90,70,84,64,-,-,46,2절 8개판,아그파판,760*635
강접 무코팅스티커,90*80,스티커사이즈,원터치재단,90,80,90,80,84,74,-,-,46,2절 8개판,아그파판,760*635
강접 무코팅스티커,90*90,스티커사이즈,원터치재단,90,90,90,90,84,84,-,-,46,2절 8개판,아그파판,760*635
강접 무코팅스티커,90*100,스티커사이즈,원터치재단,90,100,90,100,84,94,-,-,46,2절 8개판,아그파판,760*635
강접 무코팅스티커,90*110,스티커사이즈,원터치재단,90,110,90,110,84,104,-,-,46,2절 8개판,아그파판,760*635
강접 무코팅스티커,90*120,스티커사이즈,원터치재단,90,120,90,120,84,114,-,-,46,2절 8개판,아그파판,760*635
강접 무코팅스티커,90*130,스티커사이즈,원터치재단,90,130,90,130,84,124,-,-,46,2절 8개판,아그파판,760*635
강접 무코팅스티커,90*140,스티커사이즈,원터치재단,90,140,90,140,84,134,-,-,46,2절 8개판,아그파판,760*635
강접 무코팅스티커,90*150,스티커사이즈,원터치재단,90,150,90,150,84,144,-,-,46,2절 8개판,아그파판,760*635
강접 무코팅스티커,60*40,스티커사이즈,투터치재단,66,46,60,40,66,46,-,-,46,2절 8개판,아그파판,760*635
강접 무코팅스티커,70*40,스티커사이즈,투터치재단,76,46,70,40,76,46,-,-,46,2절 8개판,아그파판,760*635
강접 무코팅스티커,80*50,스티커사이즈,투터치재단,86,56,80,50,86,56,-,-,46,2절 8개판,아그파판,760*635
강접 무코팅스티커,90*55,스티커사이즈,투터치재단,96,61,90,55,96,61,-,-,46,2절 8개판,아그파판,760*635
강접 무코팅스티커,90*60,스티커사이즈,투터치재단,96,66,90,60,96,66,-,-,46,2절 8개판,아그파판,760*635
강접 무코팅스티커,90*70,스티커사이즈,투터치재단,96,76,90,70,96,76,-,-,46,2절 8개판,아그파판,760*635
강접 무코팅스티커,90*80,스티커사이즈,투터치재단,96,86,90,80,96,86,-,-,46,2절 8개판,아그파판,760*635
강접 무코팅스티커,90*90,스티커사이즈,투터치재단,96,96,90,90,96,96,-,-,46,2절 8개판,아그파판,760*635
강접 무코팅스티커,90*100,스티커사이즈,투터치재단,96,106,90,100,96,106,-,-,46,2절 8개판,아그파판,760*635
강접 무코팅스티커,90*110,스티커사이즈,투터치재단,96,116,90,110,96,116,-,-,46,2절 8개판,아그파판,760*635
강접 무코팅스티커,90*120,스티커사이즈,투터치재단,96,126,90,120,96,126,-,-,46,2절 8개판,아그파판,760*635
강접 무코팅스티커,90*130,스티커사이즈,투터치재단,96,136,90,130,96,136,-,-,46,2절 8개판,아그파판,760*635
강접 무코팅스티커,90*140,스티커사이즈,투터치재단,96,146,90,140,96,146,-,-,46,2절 8개판,아그파판,760*635
강접 무코팅스티커,90*150,스티커사이즈,투터치재단,96,156,90,150,96,156,-,-,46,2절 8개판,아그파판,760*635
은무데드롱스티커,60*40,스티커사이즈,원터치재단,60,40,60,40,54,34,-,-,국,국2절 판,아그파판,670*550
은무데드롱스티커,70*40,스티커사이즈,원터치재단,70,40,70,40,64,34,-,-,국,국2절 판,아그파판,670*550
은무데드롱스티커,80*50,스티커사이즈,원터치재단,80,50,80,50,74,44,-,-,국,국2절 판,아그파판,670*550
은무데드롱스티커,90*55,스티커사이즈,원터치재단,90,55,90,55,84,49,-,-,국,국2절 판,아그파판,670*550
은무데드롱스티커,90*60,스티커사이즈,원터치재단,90,60,90,60,84,54,-,-,국,국2절 판,아그파판,670*550
은무데드롱스티커,90*70,스티커사이즈,원터치재단,90,70,90,70,84,64,-,-,국,국2절 판,아그파판,670*550
은무데드롱스티커,90*80,스티커사이즈,원터치재단,90,80,90,80,84,74,-,-,국,국2절 판,아그파판,670*550
은무데드롱스티커,90*90,스티커사이즈,원터치재단,90,90,90,90,84,84,-,-,국,국2절 판,아그파판,670*550
은무데드롱스티커,90*100,스티커사이즈,원터치재단,90,100,90,100,84,94,-,-,국,국2절 판,아그파판,670*550
은무데드롱스티커,90*110,스티커사이즈,원터치재단,90,110,90,110,84,104,-,-,국,국2절 판,아그파판,670*550
은무데드롱스티커,90*120,스티커사이즈,원터치재단,90,120,90,120,84,114,-,-,국,국2절 판,아그파판,670*550
은무데드롱스티커,90*130,스티커사이즈,원터치재단,90,130,90,130,84,124,-,-,국,국2절 판,아그파판,670*550
은무데드롱스티커,90*140,스티커사이즈,원터치재단,90,140,90,140,84,134,-,-,국,국2절 판,아그파판,670*550
은무데드롱스티커,90*150,스티커사이즈,원터치재단,90,150,90,150,84,144,-,-,국,국2절 판,아그파판,670*550
은무데드롱스티커,60*40,스티커사이즈,투터치재단,66,46,60,40,66,46,-,-,국,국2절 판,아그파판,670*550
은무데드롱스티커,70*40,스티커사이즈,투터치재단,76,46,70,40,76,46,-,-,국,국2절 판,아그파판,670*550
은무데드롱스티커,80*50,스티커사이즈,투터치재단,86,56,80,50,86,56,-,-,국,국2절 판,아그파판,670*550
은무데드롱스티커,90*55,스티커사이즈,투터치재단,96,61,90,55,96,61,-,-,국,국2절 판,아그파판,670*550
은무데드롱스티커,90*60,스티커사이즈,투터치재단,96,66,90,60,96,66,-,-,국,국2절 판,아그파판,670*550
은무데드롱스티커,90*70,스티커사이즈,투터치재단,96,76,90,70,96,76,-,-,국,국2절 판,아그파판,670*550
은무데드롱스티커,90*80,스티커사이즈,투터치재단,96,86,90,80,96,86,-,-,국,국2절 판,아그파판,670*550
은무데드롱스티커,90*90,스티커사이즈,투터치재단,96,96,90,90,96,96,-,-,국,국2절 판,아그파판,670*550
은무데드롱스티커,90*100,스티커사이즈,투터치재단,96,106,90,100,96,106,-,-,국,국2절 판,아그파판,670*550
은무데드롱스티커,90*110,스티커사이즈,투터치재단,96,116,90,110,96,116,-,-,국,국2절 판,아그파판,670*550
은무데드롱스티커,90*120,스티커사이즈,투터치재단,96,126,90,120,96,126,-,-,국,국2절 판,아그파판,670*550
은무데드롱스티커,90*130,스티커사이즈,투터치재단,96,136,90,130,96,136,-,-,국,국2절 판,아그파판,670*550
은무데드롱스티커,90*140,스티커사이즈,투터치재단,96,146,90,140,96,146,-,-,국,국2절 판,아그파판,670*550
은무데드롱스티커,90*150,스티커사이즈,투터치재단,96,156,90,150,96,156,-,-,국,국2절 판,아그파판,670*550
유포지스티커,60*40,스티커사이즈,원터치재단,60,40,60,40,54,34,-,-,국,국2절 판,아그파판,670*550
유포지스티커,70*40,스티커사이즈,원터치재단,70,40,70,40,64,34,-,-,국,국2절 판,아그파판,670*550
유포지스티커,80*50,스티커사이즈,원터치재단,80,50,80,50,74,44,-,-,국,국2절 판,아그파판,670*550
유포지스티커,90*55,스티커사이즈,원터치재단,90,55,90,55,84,49,-,-,국,국2절 판,아그파판,670*550
유포지스티커,90*60,스티커사이즈,원터치재단,90,60,90,60,84,54,-,-,국,국2절 판,아그파판,670*550
유포지스티커,90*70,스티커사이즈,원터치재단,90,70,90,70,84,64,-,-,국,국2절 판,아그파판,670*550
유포지스티커,90*80,스티커사이즈,원터치재단,90,80,90,80,84,74,-,-,국,국2절 판,아그파판,670*550
유포지스티커,90*90,스티커사이즈,원터치재단,90,90,90,90,84,84,-,-,국,국2절 판,아그파판,670*550
유포지스티커,90*100,스티커사이즈,원터치재단,90,100,90,100,84,94,-,-,국,국2절 판,아그파판,670*550
유포지스티커,90*110,스티커사이즈,원터치재단,90,110,90,110,84,104,-,-,국,국2절 판,아그파판,670*550
유포지스티커,90*120,스티커사이즈,원터치재단,90,120,90,120,84,114,-,-,국,국2절 판,아그파판,670*550
유포지스티커,90*130,스티커사이즈,원터치재단,90,130,90,130,84,124,-,-,국,국2절 판,아그파판,670*550
유포지스티커,90*140,스티커사이즈,원터치재단,90,140,90,140,84,134,-,-,국,국2절 판,아그파판,670*550
유포지스티커,90*150,스티커사이즈,원터치재단,90,150,90,150,84,144,-,-,국,국2절 판,아그파판,670*550
유포지스티커,60*40,스티커사이즈,투터치재단,66,46,60,40,66,46,-,-,국,국2절 판,아그파판,670*550
유포지스티커,70*40,스티커사이즈,투터치재단,76,46,70,40,76,46,-,-,국,국2절 판,아그파판,670*550
유포지스티커,80*50,스티커사이즈,투터치재단,86,56,80,50,86,56,-,-,국,국2절 판,아그파판,670*550
유포지스티커,90*55,스티커사이즈,투터치재단,96,61,90,55,96,61,-,-,국,국2절 판,아그파판,670*550
유포지스티커,90*60,스티커사이즈,투터치재단,96,66,90,60,96,66,-,-,국,국2절 판,아그파판,670*550
유포지스티커,90*70,스티커사이즈,투터치재단,96,76,90,70,96,76,-,-,국,국2절 판,아그파판,670*550
유포지스티커,90*80,스티커사이즈,투터치재단,96,86,90,80,96,86,-,-,국,국2절 판,아그파판,670*550
유포지스티커,90*90,스티커사이즈,투터치재단,96,96,90,90,96,96,-,-,국,국2절 판,아그파판,670*550
유포지스티커,90*100,스티커사이즈,투터치재단,96,106,90,100,96,106,-,-,국,국2절 판,아그파판,670*550
유포지스티커,90*110,스티커사이즈,투터치재단,96,116,90,110,96,116,-,-,국,국2절 판,아그파판,670*550
유포지스티커,90*120,스티커사이즈,투터치재단,96,126,90,120,96,126,-,-,국,국2절 판,아그파판,670*550
유포지스티커,90*130,스티커사이즈,투터치재단,96,136,90,130,96,136,-,-,국,국2절 판,아그파판,670*550
유포지스티커,90*140,스티커사이즈,투터치재단,96,146,90,140,96,146,-,-,국,국2절 판,아그파판,670*550
유포지스티커,90*150,스티커사이즈,투터치재단,96,156,90,150,96,156,-,-,국,국2절 판,아그파판,670*550
투명스티커,60*40,스티커사이즈,원터치재단,60,40,60,40,54,34,-,-,국,국2절 판,아그파판,670*550
투명스티커,70*40,스티커사이즈,원터치재단,70,40,70,40,64,34,-,-,국,국2절 판,아그파판,670*550
투명스티커,80*50,스티커사이즈,원터치재단,80,50,80,50,74,44,-,-,국,국2절 판,아그파판,670*550
투명스티커,90*55,스티커사이즈,원터치재단,90,55,90,55,84,49,-,-,국,국2절 판,아그파판,670*550
투명스티커,90*60,스티커사이즈,원터치재단,90,60,90,60,84,54,-,-,국,국2절 판,아그파판,670*550
투명스티커,90*70,스티커사이즈,원터치재단,90,70,90,70,84,64,-,-,국,국2절 판,아그파판,670*550
투명스티커,90*80,스티커사이즈,원터치재단,90,80,90,80,84,74,-,-,국,국2절 판,아그파판,670*550
투명스티커,90*90,스티커사이즈,원터치재단,90,90,90,90,84,84,-,-,국,국2절 판,아그파판,670*550
투명스티커,90*100,스티커사이즈,원터치재단,90,100,90,100,84,94,-,-,국,국2절 판,아그파판,670*550
투명스티커,90*110,스티커사이즈,원터치재단,90,110,90,110,84,104,-,-,국,국2절 판,아그파판,670*550
투명스티커,90*120,스티커사이즈,원터치재단,90,120,90,120,84,114,-,-,국,국2절 판,아그파판,670*550
투명스티커,90*130,스티커사이즈,원터치재단,90,130,90,130,84,124,-,-,국,국2절 판,아그파판,670*550
투명스티커,90*140,스티커사이즈,원터치재단,90,140,90,140,84,134,-,-,국,국2절 판,아그파판,670*550
투명스티커,90*150,스티커사이즈,원터치재단,90,150,90,150,84,144,-,-,국,국2절 판,아그파판,670*550
투명스티커,60*40,스티커사이즈,투터치재단,66,46,60,40,66,46,-,-,국,국2절 판,아그파판,670*550
투명스티커,70*40,스티커사이즈,투터치재단,76,46,70,40,76,46,-,-,국,국2절 판,아그파판,670*550
투명스티커,80*50,스티커사이즈,투터치재단,86,56,80,50,86,56,-,-,국,국2절 판,아그파판,670*550
투명스티커,90*55,스티커사이즈,투터치재단,96,61,90,55,96,61,-,-,국,국2절 판,아그파판,670*550
투명스티커,90*60,스티커사이즈,투터치재단,96,66,90,60,96,66,-,-,국,국2절 판,아그파판,670*550
투명스티커,90*70,스티커사이즈,투터치재단,96,76,90,70,96,76,-,-,국,국2절 판,아그파판,670*550
투명스티커,90*80,스티커사이즈,투터치재단,96,86,90,80,96,86,-,-,국,국2절 판,아그파판,670*550
투명스티커,90*90,스티커사이즈,투터치재단,96,96,90,90,96,96,-,-,국,국2절 판,아그파판,670*550
투명스티커,90*100,스티커사이즈,투터치재단,96,106,90,100,96,106,-,-,국,국2절 판,아그파판,670*550
투명스티커,90*110,스티커사이즈,투터치재단,96,116,90,110,96,116,-,-,국,국2절 판,아그파판,670*550
투명스티커,90*120,스티커사이즈,투터치재단,96,126,90,120,96,126,-,-,국,국2절 판,아그파판,670*550
투명스티커,90*130,스티커사이즈,투터치재단,96,136,90,130,96,136,-,-,국,국2절 판,아그파판,670*550
투명스티커,90*140,스티커사이즈,투터치재단,96,146,90,140,96,146,-,-,국,국2절 판,아그파판,670*550
투명스티커,90*150,스티커사이즈,투터치재단,96,156,90,150,96,156,-,-,국,국2절 판,아그파판,670*550
자석스티커 사각귀돌이,38*55,스티커사이즈,투터치재단,42,59,38,55,42,59,-,-,외주,외주,외주,외주
자석스티커 사각귀돌이,41*60,스티커사이즈,투터치재단,45,64,41,60,45,64,-,-,외주,외주,외주,외주
자석스티커 사각귀돌이,44*65,스티커사이즈,투터치재단,48,69,44,65,48,69,-,-,외주,외주,외주,외주
자석스티커 사각귀돌이,55*80,스티커사이즈,투터치재단,59,84,55,80,59,84,-,-,외주,외주,외주,외주
자석스티커 사각귀돌이,65*90,스티커사이즈,투터치재단,69,94,65,90,69,94,-,-,외주,외주,외주,외주
자석스티커 사각귀돌이,45*45,스티커사이즈,투터치재단,49,49,45,45,49,49,-,-,외주,외주,외주,외주
자석스티커 사각귀돌이,50*50,스티커사이즈,투터치재단,54,54,50,50,54,54,-,-,외주,외주,외주,외주
자석스티커 사각귀돌이,55*55,스티커사이즈,투터치재단,59,59,55,55,59,59,-,-,외주,외주,외주,외주
자석스티커 사각귀돌이,65*65,스티커사이즈,투터치재단,69,69,65,65,69,69,-,-,외주,외주,외주,외주
자석스티커 사각귀돌이,70*70,스티커사이즈,투터치재단,74,74,70,70,74,74,-,-,외주,외주,외주,외주
자석스티커 사각귀돌이,90*90,스티커사이즈,투터치재단,94,94,90,90,94,94,-,-,외주,외주,외주,외주
모조지 스티커,60*40,스티커사이즈,원터치재단,60,40,60,40,54,34,-,-,국,국2절 판,아그파판,670*550
모조지 스티커,70*40,스티커사이즈,원터치재단,70,40,70,40,64,34,-,-,국,국2절 판,아그파판,670*550
모조지 스티커,80*50,스티커사이즈,원터치재단,80,50,80,50,74,44,-,-,국,국2절 판,아그파판,670*550
모조지 스티커,90*55,스티커사이즈,원터치재단,90,55,90,55,84,49,-,-,국,국2절 판,아그파판,670*550
모조지 스티커,90*60,스티커사이즈,원터치재단,90,60,90,60,84,54,-,-,국,국2절 판,아그파판,670*550
모조지 스티커,90*70,스티커사이즈,원터치재단,90,70,90,70,84,64,-,-,국,국2절 판,아그파판,670*550
모조지 스티커,90*80,스티커사이즈,원터치재단,90,80,90,80,84,74,-,-,국,국2절 판,아그파판,670*550
모조지 스티커,90*90,스티커사이즈,원터치재단,90,90,90,90,84,84,-,-,국,국2절 판,아그파판,670*550
모조지 스티커,90*100,스티커사이즈,원터치재단,90,100,90,100,84,94,-,-,국,국2절 판,아그파판,670*550
모조지 스티커,90*110,스티커사이즈,원터치재단,90,110,90,110,84,104,-,-,국,국2절 판,아그파판,670*550
모조지 스티커,90*120,스티커사이즈,원터치재단,90,120,90,120,84,114,-,-,국,국2절 판,아그파판,670*550
모조지 스티커,90*130,스티커사이즈,원터치재단,90,130,90,130,84,124,-,-,국,국2절 판,아그파판,670*550
모조지 스티커,90*140,스티커사이즈,원터치재단,90,140,90,140,84,134,-,-,국,국2절 판,아그파판,670*550
모조지 스티커,90*150,스티커사이즈,원터치재단,90,150,90,150,84,144,-,-,국,국2절 판,아그파판,670*550
모조지 스티커,60*40,스티커사이즈,투터치재단,66,46,60,40,66,46,-,-,국,국2절 판,아그파판,670*550
모조지 스티커,70*40,스티커사이즈,투터치재단,76,46,70,40,76,46,-,-,국,국2절 판,아그파판,670*550
모조지 스티커,80*50,스티커사이즈,투터치재단,86,56,80,50,86,56,-,-,국,국2절 판,아그파판,670*550
모조지 스티커,90*55,스티커사이즈,투터치재단,96,61,90,55,96,61,-,-,국,국2절 판,아그파판,670*550
모조지 스티커,90*60,스티커사이즈,투터치재단,96,66,90,60,96,66,-,-,국,국2절 판,아그파판,670*550
모조지 스티커,90*70,스티커사이즈,투터치재단,96,76,90,70,96,76,-,-,국,국2절 판,아그파판,670*550
모조지 스티커,90*80,스티커사이즈,투터치재단,96,86,90,80,96,86,-,-,국,국2절 판,아그파판,670*550
모조지 스티커,90*90,스티커사이즈,투터치재단,96,96,90,90,96,96,-,-,국,국2절 판,아그파판,670*550
모조지 스티커,90*100,스티커사이즈,투터치재단,96,106,90,100,96,106,-,-,국,국2절 판,아그파판,670*550
모조지 스티커,90*110,스티커사이즈,투터치재단,96,116,90,110,96,116,-,-,국,국2절 판,아그파판,670*550
모조지 스티커,90*120,스티커사이즈,투터치재단,96,126,90,120,96,126,-,-,국,국2절 판,아그파판,670*550
모조지 스티커,90*130,스티커사이즈,투터치재단,96,136,90,130,96,136,-,-,국,국2절 판,아그파판,670*550
모조지 스티커,90*140,스티커사이즈,투터치재단,96,146,90,140,96,146,-,-,국,국2절 판,아그파판,670*550
모조지 스티커,90*150,스티커사이즈,투터치재단,96,156,90,150,96,156,-,-,국,국2절 판,아그파판,670*550
원형,72*46,스티커사이즈,C-10,72,46,72,46,-,-,10,10,46,2절 8개판,아그파판,760*635
원형,77*49,스티커사이즈,C-11,77,49,77,49,-,-,11,11,46,2절 8개판,아그파판,760*635
원형,82*52,스티커사이즈,C-12,82,52,82,52,-,-,12,12,46,2절 8개판,아그파판,760*635
원형,87*55,스티커사이즈,C-13,87,55,87,55,-,-,13,13,46,2절 8개판,아그파판,760*635
원형,75*41,스티커사이즈,C-14,75,41,75,41,-,-,14,14,46,2절 8개판,아그파판,760*635
원형,79*43,스티커사이즈,C-15,79,43,79,43,-,-,15,15,46,2절 8개판,아그파판,760*635
원형,83*45,스티커사이즈,C-16,83,45,83,45,-,-,16,16,46,2절 8개판,아그파판,760*635
원형,87*47,스티커사이즈,C-17,87,47,87,47,-,-,17,17,46,2절 8개판,아그파판,760*635
원형,70*49,스티커사이즈,C-18,70,49,70,49,-,-,18,18,46,2절 8개판,아그파판,760*635
원형,73*51,스티커사이즈,C-19,73,51,73,51,-,-,19,19,46,2절 8개판,아그파판,760*635
원형,77*53,스티커사이즈,C-20,77,53,77,53,-,-,20,20,46,2절 8개판,아그파판,760*635
원형,79*55,스티커사이즈,C-21,79,55,79,55,-,-,21,21,46,2절 8개판,아그파판,760*635
원형,82*57,스티커사이즈,C-22,82,57,82,57,-,-,22,22,46,2절 8개판,아그파판,760*635
원형,91*35,스티커사이즈,C-25,91,35,91,35,-,-,25,25,46,2절 8개판,아그파판,760*635
원형,100*38,스티커사이즈,C-28,100,38,100,38,-,-,28,28,46,2절 8개판,아그파판,760*635
원형,73*40,스티커사이즈,C-30,73,40,73,40,-,-,30,30,46,2절 8개판,아그파판,760*635
원형,79*43,스티커사이즈,C-33,79,43,79,43,-,-,33,33,46,2절 8개판,아그파판,760*635
원형,83*45,스티커사이즈,C-35,83,45,83,45,-,-,35,35,46,2절 8개판,아그파판,760*635
원형,89*48,스티커사이즈,C-38,89,48,89,48,-,-,38,38,46,2절 8개판,아그파판,760*635
원형,93*50,스티커사이즈,C-40,93,50,93,50,-,-,40,40,46,2절 8개판,아그파판,760*635
원형,53*53,스티커사이즈,C-43,53,53,53,53,-,-,43,43,46,2절 8개판,아그파판,760*635
원형,55*55,스티커사이즈,C-45,55,55,55,55,-,-,45,45,46,2절 8개판,아그파판,760*635
원형,58*58,스티커사이즈,C-48,58,58,58,58,-,-,48,48,46,2절 8개판,아그파판,760*635
원형,60*60,스티커사이즈,C-50,60,60,60,60,-,-,50,50,46,2절 8개판,아그파판,760*635
원형,65*65,스티커사이즈,C-55,65,65,65,65,-,-,55,55,46,2절 8개판,아그파판,760*635
원형,70*70,스티커사이즈,C-60,70,70,70,70,-,-,60,60,46,2절 8개판,아그파판,760*635
원형,75*75,스티커사이즈,C-65,75,75,75,75,-,-,65,65,46,2절 8개판,아그파판,760*635
원형,127*127,스티커사이즈,CD,127,127,127,127,-,-,117,117,46,2절 8개판,아그파판,760*635
반원형,72*40,스티커사이즈,HC-10,72,40,72,40,-,-,10,8,46,2절 8개판,아그파판,760*635
반원형,77*49,스티커사이즈,HC-11,77,49,77,49,-,-,11,9,46,2절 8개판,아그파판,760*635
반원형,82*46,스티커사이즈,HC-12,82,46,82,46,-,-,12,10,46,2절 8개판,아그파판,760*635
반원형,87*49,스티커사이즈,HC-13,87,49,87,49,-,-,13,11,46,2절 8개판,아그파판,760*635
반원형,75*37,스티커사이즈,HC-14,75,37,75,37,-,-,14,12,46,2절 8개판,아그파판,760*635
반원형,79*39,스티커사이즈,HC-15,79,39,79,39,-,-,15,13,46,2절 8개판,아그파판,760*635
반원형,83*41,스티커사이즈,HC-16,83,41,83,41,-,-,16,14,46,2절 8개판,아그파판,760*635
반원형,87*43,스티커사이즈,HC-17,87,43,87,43,-,-,17,15,46,2절 8개판,아그파판,760*635
반원형,70*45,스티커사이즈,HC-18,70,45,70,45,-,-,18,16,46,2절 8개판,아그파판,760*635
반원형,73*47,스티커사이즈,HC-19,73,47,73,47,-,-,19,17,46,2절 8개판,아그파판,760*635
반원형,76*49,스티커사이즈,HC-20,76,49,76,49,-,-,20,18,46,2절 8개판,아그파판,760*635
반원형,79*51,스티커사이즈,HC-21,79,51,79,51,-,-,21,19,46,2절 8개판,아그파판,760*635
반원형,82*53,스티커사이즈,HC-22,82,53,82,53,-,-,22,20,46,2절 8개판,아그파판,760*635
반원형,91*33,스티커사이즈,HC-25,91,33,91,33,-,-,25,23,46,2절 8개판,아그파판,760*635
반원형,100*36,스티커사이즈,HC-28,100,36,100,36,-,-,28,26,46,2절 8개판,아그파판,760*635
반원형,73*38,스티커사이즈,HC-30,73,38,73,38,-,-,30,28,46,2절 8개판,아그파판,760*635
반원형,79*41,스티커사이즈,HC-33,79,41,79,41,-,-,33,31,46,2절 8개판,아그파판,760*635
반원형,83*43,스티커사이즈,HC-35,83,43,83,43,-,-,35,33,46,2절 8개판,아그파판,760*635
반원형,89*46,스티커사이즈,HC-38,89,46,89,46,-,-,38,36,46,2절 8개판,아그파판,760*635
반원형,93*48,스티커사이즈,HC-40,93,48,93,48,-,-,40,38,46,2절 8개판,아그파판,760*635
반원형,53*51,스티커사이즈,HC-43,53,51,53,51,-,-,43,41,46,2절 8개판,아그파판,760*635
반원형,55*53,스티커사이즈,HC-45,55,53,55,53,-,-,45,43,46,2절 8개판,아그파판,760*635
반원형,58*56,스티커사이즈,HC-48,58,56,58,56,-,-,48,46,46,2절 8개판,아그파판,760*635
반원형,60*58,스티커사이즈,HC-50,60,58,60,58,-,-,50,48,46,2절 8개판,아그파판,760*635
반원형,65*63,스티커사이즈,HC-55,65,63,65,63,-,-,55,53,46,2절 8개판,아그파판,760*635
반원형,70*68,스티커사이즈,HC-60,70,68,70,68,-,-,60,58,46,2절 8개판,아그파판,760*635
반원형,75*73,스티커사이즈,HC-65,75,73,75,73,-,-,65,63,46,2절 8개판,아그파판,760*635
타원형,60*53,스티커사이즈,O-5020,60,53,60,53,-,-,50,20,46,2절 8개판,아그파판,760*635
타원형,60*63,스티커사이즈,O-5025,60,63,60,63,-,-,50,25,46,2절 8개판,아그파판,760*635
타원형,73*60,스티커사이즈,O-5030,73,60,73,60,-,-,50,30,46,2절 8개판,아그파판,760*635
타원형,65*63,스티커사이즈,O-5525,65,63,65,63,-,-,55,25,46,2절 8개판,아그파판,760*635
타원형,65*73,스티커사이즈,O-5530,65,73,65,73,-,-,55,30,46,2절 8개판,아그파판,760*635
타원형,70*63,스티커사이즈,O-6025,70,63,70,63,-,-,60,25,46,2절 8개판,아그파판,760*635
타원형,70*73,스티커사이즈,O-6030,70,73,70,73,-,-,60,30,46,2절 8개판,아그파판,760*635
정사각형,72*46,스티커사이즈,S-10,72,46,72,46,-,-,10,10,46,2절 8개판,아그파판,760*635
정사각형,77*49,스티커사이즈,S-11,77,49,77,49,-,-,11,11,46,2절 8개판,아그파판,760*635
정사각형,82*52,스티커사이즈,S-12,82,52,82,52,-,-,12,12,46,2절 8개판,아그파판,760*635
정사각형,78*55,스티커사이즈,S-13,78,55,78,55,-,-,13,13,46,2절 8개판,아그파판,760*635
정사각형,75*41,스티커사이즈,S-14,75,41,75,41,-,-,14,14,46,2절 8개판,아그파판,760*635
정사각형,79*43,스티커사이즈,S-15,79,43,79,43,-,-,15,15,46,2절 8개판,아그파판,760*635
정사각형,83*45,스티커사이즈,S-16,83,45,83,45,-,-,16,16,46,2절 8개판,아그파판,760*635
정사각형,87*47,스티커사이즈,S-17,87,47,87,47,-,-,17,17,46,2절 8개판,아그파판,760*635
정사각형,70*49,스티커사이즈,S-18,70,49,70,49,-,-,18,18,46,2절 8개판,아그파판,760*635
정사각형,73*51,스티커사이즈,S-19,73,51,73,51,-,-,19,19,46,2절 8개판,아그파판,760*635
정사각형,77*53,스티커사이즈,S-20,77,53,77,53,-,-,20,20,46,2절 8개판,아그파판,760*635
정사각형,79*55,스티커사이즈,S-21,79,55,79,55,-,-,21,21,46,2절 8개판,아그파판,760*635
정사각형,82*57,스티커사이즈,S-22,82,57,82,57,-,-,22,22,46,2절 8개판,아그파판,760*635
정사각형,91*35,스티커사이즈,S-25,91,35,91,35,-,-,25,25,46,2절 8개판,아그파판,760*635
정사각형,100*38,스티커사이즈,S-28,100,38,100,38,-,-,28,28,46,2절 8개판,아그파판,760*635
정사각형,73*40,스티커사이즈,S-30,73,40,73,40,-,-,30,30,46,2절 8개판,아그파판,760*635
정사각형,79*43,스티커사이즈,S-33,79,43,79,43,-,-,33,33,46,2절 8개판,아그파판,760*635
정사각형,83*45,스티커사이즈,S-35,83,45,83,45,-,-,35,35,46,2절 8개판,아그파판,760*635
정사각형,89*48,스티커사이즈,S-38,89,48,89,48,-,-,38,38,46,2절 8개판,아그파판,760*635
정사각형,93*53,스티커사이즈,S-40,93,53,93,53,-,-,40,40,46,2절 8개판,아그파판,760*635
정사각형,53*53,스티커사이즈,S-43,53,53,53,53,-,-,43,43,46,2절 8개판,아그파판,760*635
정사각형,55*55,스티커사이즈,S-45,55,55,55,55,-,-,45,45,46,2절 8개판,아그파판,760*635
정사각형,58*58,스티커사이즈,S-48,58,58,58,58,-,-,48,48,46,2절 8개판,아그파판,760*635
정사각형,60*60,스티커사이즈,S-50,60,60,60,60,-,-,50,50,46,2절 8개판,아그파판,760*635
정사각형,65*65,스티커사이즈,S-55,65,65,65,65,-,-,55,55,46,2절 8개판,아그파판,760*635
정사각형,70*70,스티커사이즈,S-60,70,70,70,70,-,-,60,60,46,2절 8개판,아그파판,760*635
정사각형,75*75,스티커사이즈,S-65,75,75,75,75,-,-,65,65,46,2절 8개판,아그파판,760*635
직사각형,60*47,스티커사이즈,R-5017,60,47,60,47,-,-,50,17,46,2절 8개판,아그파판,760*635
직사각형,60*53,스티커사이즈,R-5020,60,53,60,53,-,-,50,20,46,2절 8개판,아그파판,760*635
직사각형,73*60,스티커사이즈,R-5030,73,60,73,60,-,-,50,30,46,2절 8개판,아그파판,760*635
직사각형,53*52,스티커사이즈,R-4220,53,52,53,52,-,-,42,20,46,2절 8개판,아그파판,760*635
직사각형,59*52,스티커사이즈,R-4223,59,52,59,52,-,-,42,23,46,2절 8개판,아그파판,760*635
직사각형,65*43,스티커사이즈,R-5515,65,43,65,43,-,-,55,15,46,2절 8개판,아그파판,760*635
직사각형,65*47,스티커사이즈,R-5517,65,47,65,47,-,-,55,17,46,2절 8개판,아그파판,760*635
직사각형,65*53,스티커사이즈,R-5520,65,53,65,53,-,-,55,20,46,2절 8개판,아그파판,760*635
직사각형,65*61,스티커사이즈,R-5524,65,61,65,61,-,-,55,24,46,2절 8개판,아그파판,760*635
직사각형,79*65,스티커사이즈,R-5533,79,65,79,65,-,-,55,33,46,2절 8개판,아그파판,760*635
직사각형,45*63,스티커사이즈,R-3525,45,63,45,63,-,-,35,25,46,2절 8개판,아그파판,760*635
직사각형,50*73,스티커사이즈,R-4030,50,73,50,73,-,-,40,30,46,2절 8개판,아그파판,760*635
하트형,72*45,스티커사이즈,HS-10,72,45,72,45,-,-,10,10,46,2절 8개판,아그파판,760*635
하트형,77*49,스티커사이즈,HS-11,77,49,77,49,-,-,11,11,46,2절 8개판,아그파판,760*635
하트형,82*52,스티커사이즈,HS-12,82,52,82,52,-,-,12,12,46,2절 8개판,아그파판,760*635
하트형,87*55,스티커사이즈,HS-13,87,55,87,55,-,-,13,13,46,2절 8개판,아그파판,760*635
하트형,75*41,스티커사이즈,HS-14,75,41,75,41,-,-,14,14,46,2절 8개판,아그파판,760*635
하트형,79*43,스티커사이즈,HS-15,79,43,79,43,-,-,15,15,46,2절 8개판,아그파판,760*635
하트형,83*45,스티커사이즈,HS-16,83,45,83,45,-,-,16,16,46,2절 8개판,아그파판,760*635
하트형,87*47,스티커사이즈,HS-17,87,47,87,47,-,-,17,17,46,2절 8개판,아그파판,760*635
하트형,70*49,스티커사이즈,HS-18,70,49,70,49,-,-,18,18,46,2절 8개판,아그파판,760*635
하트형,73*51,스티커사이즈,HS-19,73,51,73,51,-,-,19,19,46,2절 8개판,아그파판,760*635
하트형,77*53,스티커사이즈,HS-20,77,53,77,53,-,-,20,20,46,2절 8개판,아그파판,760*635
하트형,79*55,스티커사이즈,HS-21,79,55,79,55,-,-,21,21,46,2절 8개판,아그파판,760*635
하트형,82*57,스티커사이즈,HS-22,82,57,82,57,-,-,22,22,46,2절 8개판,아그파판,760*635
하트형,91*35,스티커사이즈,HS-25,91,35,91,35,-,-,25,25,46,2절 8개판,아그파판,760*635
하트형,100*38,스티커사이즈,HS-28,100,38,100,38,-,-,28,28,46,2절 8개판,아그파판,760*635
하트형,73*40,스티커사이즈,HS-30,73,40,73,40,-,-,30,30,46,2절 8개판,아그파판,760*635
하트형,79*43,스티커사이즈,HS-33,79,43,79,43,-,-,33,33,46,2절 8개판,아그파판,760*635
하트형,83*45,스티커사이즈,HS-35,83,45,83,45,-,-,35,35,46,2절 8개판,아그파판,760*635
하트형,89*48,스티커사이즈,HS-38,89,48,89,48,-,-,38,38,46,2절 8개판,아그파판,760*635
하트형,93*50,스티커사이즈,HS-40,93,50,93,50,-,-,40,40,46,2절 8개판,아그파판,760*635
하트형,53*53,스티커사이즈,HS-43,53,53,53,53,-,-,43,43,46,2절 8개판,아그파판,760*635
하트형,55*55,스티커사이즈,HS-45,55,55,55,55,-,-,45,45,46,2절 8개판,아그파판,760*635
하트형,58*58,스티커사이즈,HS-48,58,58,58,58,-,-,48,48,46,2절 8개판,아그파판,760*635
하트형,60*60,스티커사이즈,HS-50,60,60,60,60,-,-,50,50,46,2절 8개판,아그파판,760*635
하트형,65*65,스티커사이즈,HS-55,65,65,65,65,-,-,55,55,46,2절 8개판,아그파판,760*635
하트형,70*70,스티커사이즈,HS-60,70,70,70,70,-,-,60,60,46,2절 8개판,아그파판,760*635
하트형,75*75,스티커사이즈,HS-65,75,75,75,75,-,-,65,65,46,2절 8개판,아그파판,760*635
보험 도무송형스티커,50*17,스티커사이즈,보험-5017,54,21,54,21,-,-,50,17,46,2절 8개판,아그파판,760*635
보험 도무송형스티커,50*20,스티커사이즈,보험-5020,54,24,54,24,-,-,50,20,46,2절 8개판,아그파판,760*635
보험 도무송형스티커,55*24,스티커사이즈,보험-5524,59,28,59,28,-,-,55,24,46,2절 8개판,아그파판,760*635
보험 도무송형스티커,55*33,스티커사이즈,보험-5533,59,37,59,37,-,-,55,33,46,2절 8개판,아그파판,760*635
비디오/카세트,77*45,스티커사이즈,비디오1,87,103,77,45,-,-,77,45,46,2절 8개판,아그파판,760*635
비디오/카세트,148*19,스티커사이즈,비디오1,158,51,148,19,-,-,148,19,46,2절 8개판,아그파판,760*635
비디오/카세트,88*40,스티커사이즈,카세트,98,93,88,40,-,-,88,40,46,2절 8개판,아그파판,760*635
비디오/카세트,117*117,스티커사이즈,CD,127,127,117,117,-,-,117,117,46,2절 8개판,아그파판,760*635
자석오프너,65*65,스티커사이즈,자석오프너,69,69,65,65,-,-,65,65,외주,외주,외주,외주
자유형,유형1,스티커사이즈,유형1,0,0,0,0,-,-,0,0,46,2절 8개판,아그파판,760*635
자유형,유형2,스티커사이즈,유형2,0,0,0,0,-,-,0,0,46,2절 8개판,아그파판,760*635
자유형,유형3,스티커사이즈,유형3,0,0,0,0,-,-,0,0,46,2절 8개판,아그파판,760*635
자유형,유형4,스티커사이즈,유형4,0,0,0,0,-,-,0,0,46,2절 8개판,아그파판,760*635