국,국전 판,아그파판,1030*800
국,국전 판,아그파판,1030*800
국,국전 판,아그파판,1030*800
국,국전 판,아그파판,1030*800
46,2절 8개판,아그파판,760*635
46,2절 8개판,아그파판,760*635
46,2절 8개판,아그파판,760*635
46,2절 8개판,아그파판,760*635
46,2절 8개판,아그파판,760*635
46,2절 8개판,아그파판,760*635
46,2절 8개판,아그파판,760*635
46,2절 8개판,아그파판,760*635
46,2절 8개판,아그파판,760*635
46,2절 8개판,아그파판,760*635
46,2절 8개판,아그파판,760*635
46,2절 8개판,아그파판,760*635
46,2절 8개판,아그파판,760*635
46,2절 8개판,아그파판,760*635
46,2절 8개판,아그파판,760*635
46,2절 8개판,아그파판,760*635
46,2절 8개판,아그파판,760*635
46,2절 8개판,아그파판,760*635
외주,외주,외주,외주
외주,외주,외주,외주
외주,외주,외주,외주
외주,외주,외주,외주
외주,외주,외주,외주
외주,외주,외주,외주
외주,외주,외주,외주
외주,외주,외주,외주
외주,외주,외주,외주
외주,외주,외주,외주
외주,외주,외주,외주
외주,외주,외주,외주
외주,외주,외주,외주
외주,외주,외주,외주
외주,외주,외주,외주
외주,외주,외주,외주
외주,외주,외주,외주
외주,외주,외주,외주
외주,외주,외주,외주
외주,외주,외주,외주
외주,외주,외주,외주
46,2절 8개판,아그파판,760*635
46,2절 8개판,아그파판,760*635
46,2절 8개판,아그파판,760*635
46,2절 8개판,아그파판,760*635
46,2절 8개판,아그파판,760*635
46,2절 8개판,아그파판,760*635
46,2절 8개판,아그파판,760*635
46,2절 8개판,아그파판,760*635
46,2절 8개판,아그파판,760*635
46,2절 8개판,아그파판,760*635
46,2절 8개판,아그파판,760*635
46,2절 8개판,아그파판,760*635
46,2절 8개판,아그파판,760*635
46,2절 8개판,아그파판,760*635
46,2절 8개판,아그파판,760*635
국,국전 판,아그파판,1030*800
국,국전 판,아그파판,1030*800
국,국전 판,아그파판,1030*800
국,국전 판,아그파판,1030*800
국,국전 판,아그파판,1030*800
국,국전 판,아그파판,1030*800
국,국전 판,아그파판,1030*800
국,국전 판,아그파판,1030*800
국,국전 판,아그파판,1030*800
국,국전 판,아그파판,1030*800
국,국전 판,아그파판,1030*800
국,국전 판,아그파판,1030*800
국,국전 판,아그파판,1030*800
국,국전 판,아그파판,1030*800
국,국전 판,아그파판,1030*800
외주,외주,외주,외주
외주,외주,외주,외주
외주,외주,외주,외주
외주,외주,외주,외주
외주,외주,외주,외주
외주,외주,외주,외주
외주,외주,외주,외주
46,2절 8개판,아그파판,760*635
46,2절 8개판,아그파판,760*635
46,2절 8개판,아그파판,760*635
46,2절 8개판,아그파판,760*635
46,2절 8개판,아그파판,760*635
46,2절 8개판,아그파판,760*635
46,2절 8개판,아그파판,760*635
46,2절 8개판,아그파판,760*635
46,2절 8개판,아그파판,760*635
46,2절 8개판,아그파판,760*635
46,2절 8개판,아그파판,760*635
46,2절 8개판,아그파판,760*635
46,2절 8개판,아그파판,760*635
46,2절 8개판,아그파판,760*635
46,2절 8개판,아그파판,760*635
46,2절 8개판,아그파판,760*635
46,2절 8개판,아그파판,760*635
46,2절 8개판,아그파판,760*635
46,2절 8개판,아그파판,760*635
46,2절 8개판,아그파판,760*635
46,2절 8개판,아그파판,760*635
46,2절 8개판,아그파판,760*635
46,2절 8개판,아그파판,760*635
46,2절 8개판,아그파판,760*635
46,2절 8개판,아그파판,760*635
46,2절 8개판,아그파판,760*635
46,2절 8개판,아그파판,760*635
46,2절 8개판,아그파판,760*635
46,2절 8개판,아그파판,760*635
46,2절 8개판,아그파판,760*635
46,2절 8개판,아그파판,760*635
46,2절 8개판,아그파판,760*635
46,2절 8개판,아그파판,760*635
46,2절 8개판,아그파판,760*635
46,2절 8개판,아그파판,760*635
46,2절 8개판,아그파판,760*635
46,2절 8개판,아그파판,760*635
46,2절 8개판,아그파판,760*635
46,2절 8개판,아그파판,760*635
46,2절 8개판,아그파판,760*635
46,2절 8개판,아그파판,760*635
46,2절 8개판,아그파판,760*635
46,2절 8개판,아그파판,760*635
46,2절 8개판,아그파판,760*635
46,2절 8개판,아그파판,760*635
46,2절 8개판,아그파판,760*635
46,2절 8개판,아그파판,760*635
46,2절 8개판,아그파판,760*635
46,2절 8개판,아그파판,760*635
46,2절 8개판,아그파판,760*635
46,2절 8개판,아그파판,760*635
46,2절 8개판,아그파판,760*635
46,2절 8개판,아그파판,760*635
46,2절 8개판,아그파판,760*635
46,2절 8개판,아그파판,760*635
46,2절 8개판,아그파판,760*635
국,국2절 판,아그파판,670*550
국,국2절 판,아그파판,670*550
국,국2절 판,아그파판,670*550
국,국2절 판,아그파판,670*550
국,국2절 판,아그파판,670*550
국,국2절 판,아그파판,670*550
국,국2절 판,아그파판,670*550
국,국2절 판,아그파판,670*550
국,국2절 판,아그파판,670*550
국,국2절 판,아그파판,670*550
국,국2절 판,아그파판,670*550
국,국2절 판,아그파판,670*550
국,국2절 판,아그파판,670*550
국,국2절 판,아그파판,670*550
국,국2절 판,아그파판,670*550
국,국2절 판,아그파판,670*550
국,국2절 판,아그파판,670*550
국,국2절 판,아그파판,670*550
국,국2절 판,아그파판,670*550
국,국2절 판,아그파판,670*550
국,국2절 판,아그파판,670*550
국,국2절 판,아그파판,670*550
국,국2절 판,아그파판,670*550
국,국2절 판,아그파판,670*550
국,국2절 판,아그파판,670*550
국,국2절 판,아그파판,670*550
국,국2절 판,아그파판,670*550
국,국2절 판,아그파판,670*550
국,국2절 판,아그파판,670*550
국,국2절 판,아그파판,670*550
국,국2절 판,아그파판,670*550
국,국2절 판,아그파판,670*550
국,국2절 판,아그파판,670*550
국,국2절 판,아그파판,670*550
국,국2절 판,아그파판,670*550
국,국2절 판,아그파판,670*550
국,국2절 판,아그파판,670*550
국,국2절 판,아그파판,670*550
국,국2절 판,아그파판,670*550
국,국2절 판,아그파판,670*550
국,국2절 판,아그파판,670*550
국,국2절 판,아그파판,670*550
국,국2절 판,아그파판,670*550
국,국2절 판,아그파판,670*550
국,국2절 판,아그파판,670*550
국,국2절 판,아그파판,670*550
국,국2절 판,아그파판,670*550
국,국2절 판,아그파판,670*550
국,국2절 판,아그파판,670*550
국,국2절 판,아그파판,670*550
국,국2절 판,아그파판,670*550
국,국2절 판,아그파판,670*550
국,국2절 판,아그파판,670*550
국,국2절 판,아그파판,670*550
국,국2절 판,아그파판,670*550
국,국2절 판,아그파판,670*550
국,국2절 판,아그파판,670*550
국,국2절 판,아그파판,670*550
국,국2절 판,아그파판,670*550
국,국2절 판,아그파판,670*550
국,국2절 판,아그파판,670*550
국,국2절 판,아그파판,670*550
국,국2절 판,아그파판,670*550
국,국2절 판,아그파판,670*550
국,국2절 판,아그파판,670*550
국,국2절 판,아그파판,670*550
국,국2절 판,아그파판,670*550
국,국2절 판,아그파판,670*550
국,국2절 판,아그파판,670*550
국,국2절 판,아그파판,670*550
국,국2절 판,아그파판,670*550
국,국2절 판,아그파판,670*550
국,국2절 판,아그파판,670*550
국,국2절 판,아그파판,670*550
국,국2절 판,아그파판,670*550
국,국2절 판,아그파판,670*550
국,국2절 판,아그파판,670*550
국,국2절 판,아그파판,670*550
국,국2절 판,아그파판,670*550
국,국2절 판,아그파판,670*550
국,국2절 판,아그파판,670*550
국,국2절 판,아그파판,670*550
국,국2절 판,아그파판,670*550
국,국2절 판,아그파판,670*550
외주,외주,외주,외주
외주,외주,외주,외주
외주,외주,외주,외주
외주,외주,외주,외주
외주,외주,외주,외주
외주,외주,외주,외주
외주,외주,외주,외주
외주,외주,외주,외주
외주,외주,외주,외주
외주,외주,외주,외주
외주,외주,외주,외주
국,국2절 판,아그파판,670*550
국,국2절 판,아그파판,670*550
국,국2절 판,아그파판,670*550
국,국2절 판,아그파판,670*550
국,국2절 판,아그파판,670*550
국,국2절 판,아그파판,670*550
국,국2절 판,아그파판,670*550
국,국2절 판,아그파판,670*550
국,국2절 판,아그파판,670*550
국,국2절 판,아그파판,670*550
국,국2절 판,아그파판,670*550
국,국2절 판,아그파판,670*550
국,국2절 판,아그파판,670*550
국,국2절 판,아그파판,670*550
국,국2절 판,아그파판,670*550
국,국2절 판,아그파판,670*550
국,국2절 판,아그파판,670*550
국,국2절 판,아그파판,670*550
국,국2절 판,아그파판,670*550
국,국2절 판,아그파판,670*550
국,국2절 판,아그파판,670*550
국,국2절 판,아그파판,670*550
국,국2절 판,아그파판,670*550
국,국2절 판,아그파판,670*550
국,국2절 판,아그파판,670*550
국,국2절 판,아그파판,670*550
국,국2절 판,아그파판,670*550
국,국2절 판,아그파판,670*550
46,2절 8개판,아그파판,760*635
46,2절 8개판,아그파판,760*635
46,2절 8개판,아그파판,760*635
46,2절 8개판,아그파판,760*635
46,2절 8개판,아그파판,760*635
46,2절 8개판,아그파판,760*635
46,2절 8개판,아그파판,760*635
46,2절 8개판,아그파판,760*635
46,2절 8개판,아그파판,760*635
46,2절 8개판,아그파판,760*635
46,2절 8개판,아그파판,760*635
46,2절 8개판,아그파판,760*635
46,2절 8개판,아그파판,760*635
46,2절 8개판,아그파판,760*635
46,2절 8개판,아그파판,760*635
46,2절 8개판,아그파판,760*635
46,2절 8개판,아그파판,760*635
46,2절 8개판,아그파판,760*635
46,2절 8개판,아그파판,760*635
46,2절 8개판,아그파판,760*635
46,2절 8개판,아그파판,760*635
46,2절 8개판,아그파판,760*635
46,2절 8개판,아그파판,760*635
46,2절 8개판,아그파판,760*635
46,2절 8개판,아그파판,760*635
46,2절 8개판,아그파판,760*635
46,2절 8개판,아그파판,760*635
46,2절 8개판,아그파판,760*635
46,2절 8개판,아그파판,760*635
46,2절 8개판,아그파판,760*635
46,2절 8개판,아그파판,760*635
46,2절 8개판,아그파판,760*635
46,2절 8개판,아그파판,760*635
46,2절 8개판,아그파판,760*635
46,2절 8개판,아그파판,760*635
46,2절 8개판,아그파판,760*635
46,2절 8개판,아그파판,760*635
46,2절 8개판,아그파판,760*635
46,2절 8개판,아그파판,760*635
46,2절 8개판,아그파판,760*635
46,2절 8개판,아그파판,760*635
46,2절 8개판,아그파판,760*635
46,2절 8개판,아그파판,760*635
46,2절 8개판,아그파판,760*635
46,2절 8개판,아그파판,760*635
46,2절 8개판,아그파판,760*635
46,2절 8개판,아그파판,760*635
46,2절 8개판,아그파판,760*635
46,2절 8개판,아그파판,760*635
46,2절 8개판,아그파판,760*635
46,2절 8개판,아그파판,760*635
46,2절 8개판,아그파판,760*635
46,2절 8개판,아그파판,760*635
46,2절 8개판,아그파판,760*635
46,2절 8개판,아그파판,760*635
46,2절 8개판,아그파판,760*635
46,2절 8개판,아그파판,760*635
46,2절 8개판,아그파판,760*635
46,2절 8개판,아그파판,760*635
46,2절 8개판,아그파판,760*635
46,2절 8개판,아그파판,760*635
46,2절 8개판,아그파판,760*635
46,2절 8개판,아그파판,760*635
46,2절 8개판,아그파판,760*635
46,2절 8개판,아그파판,760*635
46,2절 8개판,아그파판,760*635
46,2절 8개판,아그파판,760*635
46,2절 8개판,아그파판,760*635
46,2절 8개판,아그파판,760*635
46,2절 8개판,아그파판,760*635
46,2절 8개판,아그파판,760*635
46,2절 8개판,아그파판,760*635
46,2절 8개판,아그파판,760*635
46,2절 8개판,아그파판,760*635
46,2절 8개판,아그파판,760*635
46,2절 8개판,아그파판,760*635
46,2절 8개판,아그파판,760*635
46,2절 8개판,아그파판,760*635
46,2절 8개판,아그파판,760*635
46,2절 8개판,아그파판,760*635
46,2절 8개판,아그파판,760*635
46,2절 8개판,아그파판,760*635
46,2절 8개판,아그파판,760*635
46,2절 8개판,아그파판,760*635
46,2절 8개판,아그파판,760*635
46,2절 8개판,아그파판,760*635
46,2절 8개판,아그파판,760*635
46,2절 8개판,아그파판,760*635
46,2절 8개판,아그파판,760*635
46,2절 8개판,아그파판,760*635
46,2절 8개판,아그파판,760*635
46,2절 8개판,아그파판,760*635
46,2절 8개판,아그파판,760*635
46,2절 8개판,아그파판,760*635
46,2절 8개판,아그파판,760*635
46,2절 8개판,아그파판,760*635
46,2절 8개판,아그파판,760*635
46,2절 8개판,아그파판,760*635
46,2절 8개판,아그파판,760*635
46,2절 8개판,아그파판,760*635
46,2절 8개판,아그파판,760*635
46,2절 8개판,아그파판,760*635
46,2절 8개판,아그파판,760*635
46,2절 8개판,아그파판,760*635
46,2절 8개판,아그파판,760*635
46,2절 8개판,아그파판,760*635
46,2절 8개판,아그파판,760*635
46,2절 8개판,아그파판,760*635
46,2절 8개판,아그파판,760*635
46,2절 8개판,아그파판,760*635
46,2절 8개판,아그파판,760*635
46,2절 8개판,아그파판,760*635
46,2절 8개판,아그파판,760*635
46,2절 8개판,아그파판,760*635
46,2절 8개판,아그파판,760*635
46,2절 8개판,아그파판,760*635
46,2절 8개판,아그파판,760*635
46,2절 8개판,아그파판,760*635
46,2절 8개판,아그파판,760*635
46,2절 8개판,아그파판,760*635
46,2절 8개판,아그파판,760*635
46,2절 8개판,아그파판,760*635
46,2절 8개판,아그파판,760*635
46,2절 8개판,아그파판,760*635
46,2절 8개판,아그파판,760*635
46,2절 8개판,아그파판,760*635
46,2절 8개판,아그파판,760*635
46,2절 8개판,아그파판,760*635
46,2절 8개판,아그파판,760*635
46,2절 8개판,아그파판,760*635
46,2절 8개판,아그파판,760*635
46,2절 8개판,아그파판,760*635
46,2절 8개판,아그파판,760*635
46,2절 8개판,아그파판,760*635
46,2절 8개판,아그파판,760*635
46,2절 8개판,아그파판,760*635
외주,외주,외주,외주
46,2절 8개판,아그파판,760*635
46,2절 8개판,아그파판,760*635
46,2절 8개판,아그파판,760*635
46,2절 8개판,아그파판,760*635
국,국2절 판,아그파판,670*550
국,국2절 판,아그파판,670*550
국,국2절 판,아그파판,670*550
국,국2절 판,아그파판,670*550
국,국2절 판,아그파판,670*550
국,국2절 판,아그파판,670*550
46,2절 8개판,아그파판,760*635
46,2절 8개판,아그파판,760*635
46,2절 8개판,아그파판,760*635
46,2절 8개판,아그파판,760*635
46,2절 8개판,아그파판,760*635
46,2절 8개판,아그파판,760*635
국,국2절 판,아그파판,670*550
국,국2절 판,아그파판,670*550
국,국2절 판,아그파판,670*550
국,국2절 판,아그파판,670*550
국,국2절 판,아그파판,670*550
국,국2절 판,아그파판,670*550
46,2절 8개판,아그파판,760*635
46,2절 8개판,아그파판,760*635
46,2절 8개판,아그파판,760*635
46,2절 8개판,아그파판,760*635
46,2절 8개판,아그파판,760*635
46,2절 8개판,아그파판,760*635
국,국2절 판,아그파판,670*550
국,국2절 판,아그파판,670*550
국,국2절 판,아그파판,670*550
국,국2절 판,아그파판,670*550
국,국2절 판,아그파판,670*550
국,국2절 판,아그파판,670*550
46,2절 8개판,아그파판,760*635
46,2절 8개판,아그파판,760*635
46,2절 8개판,아그파판,760*635
46,2절 8개판,아그파판,760*635
46,2절 8개판,아그파판,760*635
46,2절 8개판,아그파판,760*635
국,국2절 판,아그파판,670*550
국,국2절 판,아그파판,670*550
국,국2절 판,아그파판,670*550
국,국2절 판,아그파판,670*550
국,국2절 판,아그파판,670*550
국,국2절 판,아그파판,670*550
46,2절 8개판,아그파판,760*635
46,2절 8개판,아그파판,760*635
46,2절 8개판,아그파판,760*635
46,2절 8개판,아그파판,760*635
46,2절 8개판,아그파판,760*635
46,2절 8개판,아그파판,760*635
국,국2절 판,아그파판,670*550
국,국2절 판,아그파판,670*550
국,국2절 판,아그파판,670*550
국,국2절 판,아그파판,670*550
국,국2절 판,아그파판,670*550
국,국2절 판,아그파판,670*550
46,2절 8개판,아그파판,760*635
46,2절 8개판,아그파판,760*635
46,2절 8개판,아그파판,760*635
46,2절 8개판,아그파판,760*635
46,2절 8개판,아그파판,760*635
46,2절 8개판,아그파판,760*635
국,국2절 판,아그파판,670*550
국,국2절 판,아그파판,670*550
국,국2절 판,아그파판,670*550
국,국2절 판,아그파판,670*550
국,국2절 판,아그파판,670*550
국,국2절 판,아그파판,670*550
46,2절 8개판,아그파판,760*635
46,2절 8개판,아그파판,760*635
46,2절 8개판,아그파판,760*635
46,2절 8개판,아그파판,760*635
46,2절 8개판,아그파판,760*635
46,2절 8개판,아그파판,760*635
국,국2절 판,아그파판,670*550
국,국2절 판,아그파판,670*550
국,국2절 판,아그파판,670*550
46,2절 8개판,아그파판,760*635
46,2절 8개판,아그파판,760*635
46,2절 8개판,아그파판,760*635
국,국2절 판,아그파판,670*550
국,국2절 판,아그파판,670*550
국,국2절 판,아그파판,670*550
46,2절 8개판,아그파판,760*635
46,2절 8개판,아그파판,760*635
46,2절 8개판,아그파판,760*635
국,국2절 판,아그파판,670*550
국,국2절 판,아그파판,670*550
국,국2절 판,아그파판,670*550
46,2절 8개판,아그파판,760*635
46,2절 8개판,아그파판,760*635
46,2절 8개판,아그파판,760*635
국,국2절 판,아그파판,670*550
국,국2절 판,아그파판,670*550
국,국2절 판,아그파판,670*550
46,2절 8개판,아그파판,760*635
46,2절 8개판,아그파판,760*635
46,2절 8개판,아그파판,760*635
국,국2절 판,아그파판,670*550
국,국2절 판,아그파판,670*550
국,국2절 판,아그파판,670*550
46,2절 8개판,아그파판,760*635
46,2절 8개판,아그파판,760*635
46,2절 8개판,아그파판,760*635
국,국2절 판,아그파판,670*550
국,국2절 판,아그파판,670*550
국,국2절 판,아그파판,670*550
46,2절 8개판,아그파판,760*635
46,2절 8개판,아그파판,760*635
46,2절 8개판,아그파판,760*635
국,국2절 판,아그파판,670*550
국,국2절 판,아그파판,670*550
국,국2절 판,아그파판,670*550
46,2절 8개판,아그파판,760*635
46,2절 8개판,아그파판,760*635
46,2절 8개판,아그파판,760*635
외주,외주,외주,외주
외주,외주,외주,외주
외주,외주,외주,외주
외주,외주,외주,외주
외주,외주,외주,외주
외주,외주,외주,외주
외주,외주,외주,외주
국,국2절 판,아그파판,670*550
국,국2절 판,아그파판,670*550
국,국2절 판,아그파판,670*550
국,국2절 판,아그파판,670*550
국,국2절 판,아그파판,670*550
국,국2절 판,아그파판,670*550
국,국2절 판,아그파판,670*550
국,국2절 판,아그파판,670*550
국,국2절 판,아그파판,670*550
국,국2절 판,아그파판,670*550
국,국2절 판,아그파판,670*550
국,국2절 판,아그파판,670*550
국,국2절 판,아그파판,670*550
국,국2절 판,아그파판,670*550
국,국2절 판,아그파판,670*550
국,국2절 판,아그파판,670*550
국,국2절 판,아그파판,670*550
국,국2절 판,아그파판,670*550
국,국2절 판,아그파판,670*550
국,국2절 판,아그파판,670*550
국,국2절 판,아그파판,670*550
국,국2절 판,아그파판,670*550
국,국2절 판,아그파판,670*550
국,국2절 판,아그파판,670*550
국,국2절 판,아그파판,670*550
국,국2절 판,아그파판,670*550
국,국2절 판,아그파판,670*550
국,국2절 판,아그파판,670*550
국,국2절 판,아그파판,670*550
국,국2절 판,아그파판,670*550
국,국2절 판,아그파판,670*550
국,국2절 판,아그파판,670*550
국,국2절 판,아그파판,670*550
국,국2절 판,아그파판,670*550
국,국2절 판,아그파판,670*550
국,국2절 판,아그파판,670*550
국,국2절 판,아그파판,670*550
국,국2절 판,아그파판,670*550
국,국2절 판,아그파판,670*550
국,국2절 판,아그파판,670*550
국,국2절 판,아그파판,670*550
국,국2절 판,아그파판,670*550
국,국2절 판,아그파판,670*550
국,국2절 판,아그파판,670*550
국,국2절 판,아그파판,670*550
국,국2절 판,아그파판,670*550
국,국2절 판,아그파판,670*550
국,국2절 판,아그파판,670*550
46,2절 8개판,아그파판,760*635
46,2절 8개판,아그파판,760*635
46,2절 8개판,아그파판,760*635
46,2절 8개판,아그파판,760*635
46,2절 8개판,아그파판,760*635
46,2절 8개판,아그파판,760*635
46,2절 8개판,아그파판,760*635
46,2절 8개판,아그파판,760*635
외주,외주,외주,외주
외주,외주,외주,외주
외주,외주,외주,외주
외주,외주,외주,외주
외주,외주,외주,외주
외주,외주,외주,외주
외주,외주,외주,외주
외주,외주,외주,외주
외주,외주,외주,외주
외주,외주,외주,외주
외주,외주,외주,외주
외주,외주,외주,외주
외주,외주,외주,외주
외주,외주,외주,외주
외주,외주,외주,외주
외주,외주,외주,외주
외주,외주,외주,외주
외주,외주,외주,외주
외주,외주,외주,외주
외주,외주,외주,외주
외주,외주,외주,외주
외주,외주,외주,외주
외주,외주,외주,외주
외주,외주,외주,외주
외주,외주,외주,외주
외주,외주,외주,외주
외주,외주,외주,외주
외주,외주,외주,외주
외주,외주,외주,외주
외주,외주,외주,외주
외주,외주,외주,외주
외주,외주,외주,외주
외주,외주,외주,외주
외주,외주,외주,외주
외주,외주,외주,외주
외주,외주,외주,외주
외주,외주,외주,외주
외주,외주,외주,외주
외주,외주,외주,외주
외주,외주,외주,외주
외주,외주,외주,외주
외주,외주,외주,외주
외주,외주,외주,외주
외주,외주,외주,외주
외주,외주,외주,외주
외주,외주,외주,외주
외주,외주,외주,외주
외주,외주,외주,외주
외주,외주,외주,외주
외주,외주,외주,외주
외주,외주,외주,외주
외주,외주,외주,외주
외주,외주,외주,외주
외주,외주,외주,외주
외주,외주,외주,외주
외주,외주,외주,외주
외주,외주,외주,외주
외주,외주,외주,외주
외주,외주,외주,외주
외주,외주,외주,외주
외주,외주,외주,외주
외주,외주,외주,외주
외주,외주,외주,외주
외주,외주,외주,외주
국,국2절 판,아그파판,670*550
국,국2절 판,아그파판,670*550
국,국2절 판,아그파판,670*550
국,국2절 판,아그파판,670*550
46,2절 8개판,아그파판,760*635
46,2절 8개판,아그파판,760*635
46,2절 8개판,아그파판,760*635
46,2절 8개판,아그파판,760*635
외주,외주,외주,외주
외주,외주,외주,외주
외주,외주,외주,외주
외주,외주,외주,외주
외주,외주,외주,외주
외주,외주,외주,외주
외주,외주,외주,외주
외주,외주,외주,외주
외주,외주,외주,외주
외주,외주,외주,외주
외주,외주,외주,외주
외주,외주,외주,외주
외주,외주,외주,외주
외주,외주,외주,외주
별,디지털출력,-,-
별,디지털출력,-,-
별,디지털출력,-,-
별,디지털출력,-,-
별,디지털출력,-,-
별,디지털출력,-,-
별,디지털출력,-,-
별,디지털출력,-,-
별,디지털출력,-,-
별,디지털출력,-,-
별,디지털출력,-,-
별,디지털출력,-,-
별,디지털출력,-,-
별,디지털출력,-,-
별,디지털출력,-,-
별,디지털출력,-,-
별,디지털출력,-,-
별,디지털출력,-,-
별,디지털출력,-,-
별,디지털출력,-,-
별,디지털출력,-,-
별,디지털출력,-,-
별,디지털출력,-,-
별,디지털출력,-,-
별,디지털출력,-,-
별,디지털출력,-,-
별,디지털출력,-,-
별,디지털출력,-,-
별,디지털출력,-,-
별,디지털출력,-,-
별,디지털출력,-,-
별,디지털출력,-,-
별,디지털출력,-,-
별,디지털출력,-,-
별,디지털출력,-,-
별,디지털출력,-,-
별,디지털출력,-,-
별,디지털출력,-,-
별,디지털출력,-,-
별,디지털출력,-,-
별,디지털출력,-,-
별,디지털출력,-,-
별,디지털출력,-,-
별,디지털출력,-,-
별,디지털출력,-,-
별,디지털출력,-,-
별,디지털출력,-,-
별,디지털출력,-,-
별,디지털출력,-,-
별,디지털출력,-,-
