코팅명함,단면칼라4도,명함인쇄도수,단면,4,0,0,4,4
코팅명함,단면칼라4도+뒷면먹1도,명함인쇄도수,양면,4,1,0,5,5
코팅명함,양면칼라8도,명함인쇄도수,양면,4,4,0,8,8
코팅명함,단면칼라4도,명함인쇄도수,단면,4,0,0,4,4
코팅명함,단면칼라4도+뒷면먹1도,명함인쇄도수,양면,4,1,0,5,5
코팅명함,양면칼라8도,명함인쇄도수,양면,4,4,0,8,8
고품격 코팅명함,단면칼라4도,명함인쇄도수,단면,4,0,0,4,4
고품격 코팅명함,단면칼라4도+뒷면먹1도,명함인쇄도수,양면,4,1,0,5,5
고품격 코팅명함,양면칼라8도,명함인쇄도수,양면,4,4,0,8,8
무코팅명함,단면칼라4도,명함인쇄도수,단면,4,0,0,4,4
무코팅명함,단면칼라4도+뒷면먹1도,명함인쇄도수,양면,4,1,0,5,5
무코팅명함,양면칼라8도,명함인쇄도수,양면,4,4,0,8,8
고품격 무코팅명함,단면칼라4도,명함인쇄도수,단면,4,0,0,4,4
고품격 무코팅명함,단면칼라4도+뒷면먹1도,명함인쇄도수,양면,4,1,0,5,5
고품격 무코팅명함,양면칼라8도,명함인쇄도수,양면,4,4,0,8,8
빌리지명함,단면칼라4도,명함인쇄도수,단면,4,0,0,4,4
빌리지명함,양면칼라8도,명함인쇄도수,양면,4,4,0,8,8
베이직명함,단면칼라4도,명함인쇄도수,단면,4,0,0,4,4
베이직명함,양면칼라8도,명함인쇄도수,양면,4,4,0,8,8
반누브명함,단면칼라4도,명함인쇄도수,단면,4,0,0,4,4
반누브명함,양면칼라8도,명함인쇄도수,양면,4,4,0,8,8
그레이스명함,단면칼라4도,명함인쇄도수,단면,4,0,0,4,4
그레이스명함,양면칼라8도,명함인쇄도수,양면,4,4,0,8,8
컨셉(블루펄)명함,단면칼라4도,명함인쇄도수,단면,4,0,0,4,4
컨셉(블루펄)명함,양면칼라8도,명함인쇄도수,양면,4,4,0,8,8
키칼라메탈릭 골드명함,단면칼라4도,명함인쇄도수,단면,4,0,0,4,4
키칼라메탈릭 골드명함,양면칼라8도,명함인쇄도수,양면,4,4,0,8,8
키칼라메탈릭 아이스골드명함,단면칼라4도,명함인쇄도수,단면,4,0,0,4,4
키칼라메탈릭 아이스골드명함,양면칼라8도,명함인쇄도수,양면,4,4,0,8,8
마쉬맬로우명함,단면칼라4도,명함인쇄도수,단면,4,0,0,4,4
마쉬맬로우명함,양면칼라8도,명함인쇄도수,양면,4,4,0,8,8
팝셋명함,단면칼라4도,명함인쇄도수,단면,4,0,0,4,4
팝셋명함,양면칼라8도,명함인쇄도수,양면,4,4,0,8,8
샤인스페셜명함,단면칼라4도,명함인쇄도수,단면,4,0,0,4,4
샤인스페셜명함,양면칼라8도,명함인쇄도수,양면,4,4,0,8,8
스타드림명함,단면칼라4도,명함인쇄도수,단면,4,0,0,4,4
스타드림명함,양면칼라8도,명함인쇄도수,양면,4,4,0,8,8
스타(드림) 골드명함,단면칼라4도,명함인쇄도수,단면,4,0,0,4,4
스타(드림) 골드명함,양면칼라8도,명함인쇄도수,양면,4,4,0,8,8
스타(드림) 실버명함,단면칼라4도,명함인쇄도수,단면,4,0,0,4,4
스타(드림) 실버명함,양면칼라8도,명함인쇄도수,양면,4,4,0,8,8
스코틀랜드명함,단면칼라4도,명함인쇄도수,단면,4,0,0,4,4
스코틀랜드명함,양면칼라8도,명함인쇄도수,양면,4,4,0,8,8
탄트지명함,단면칼라4도,명함인쇄도수,단면,4,0,0,4,4
탄트지명함,양면칼라8도,명함인쇄도수,양면,4,4,0,8,8
유포지명함,단면칼라4도,명함인쇄도수,단면,4,0,0,4,4
유포지명함,양면칼라8도,명함인쇄도수,양면,4,4,0,8,8
휘라레명함,단면칼라4도,명함인쇄도수,단면,4,0,0,4,4
휘라레명함,양면칼라8도,명함인쇄도수,양면,4,4,0,8,8
랑데뷰명함,단면칼라4도,명함인쇄도수,단면,4,0,0,4,4
랑데뷰명함,양면칼라8도,명함인쇄도수,양면,4,4,0,8,8
반누드 카드명함,단면칼라4도,명함인쇄도수,단면,4,0,0,4,4
반누드 카드명함,양면칼라8도,명함인쇄도수,양면,4,4,0,8,8
화이트 카드명함,단면칼라4도,명함인쇄도수,단면,4,0,0,4,4
화이트 카드명함,양면칼라8도,명함인쇄도수,양면,4,4,0,8,8
실버 카드명함,단면칼라4도,명함인쇄도수,단면,4,0,0,4,4
실버 카드명함,양면칼라8도,명함인쇄도수,양면,4,4,0,8,8
골드 카드명함,단면칼라4도,명함인쇄도수,단면,4,0,0,4,4
골드 카드명함,양면칼라8도,명함인쇄도수,양면,4,4,0,8,8
거울(밀러)플러스 카드명함,단면칼라4도,명함인쇄도수,단면,4,0,0,4,4
거울(밀러)플러스 카드명함,양면칼라8도,명함인쇄도수,양면,4,4,0,8,8
실버플러스 카드명함,단면칼라4도,명함인쇄도수,단면,4,0,0,4,4
실버플러스 카드명함,양면칼라8도,명함인쇄도수,양면,4,4,0,8,8
골드플러스 카드명함,단면칼라4도,명함인쇄도수,단면,4,0,0,4,4
골드플러스 카드명함,양면칼라8도,명함인쇄도수,양면,4,4,0,8,8
은펄 카드명함,단면칼라4도,명함인쇄도수,단면,4,0,0,4,4
은펄 카드명함,양면칼라8도,명함인쇄도수,양면,4,4,0,8,8
금펄 카드명함,단면칼라4도,명함인쇄도수,단면,4,0,0,4,4
금펄 카드명함,양면칼라8도,명함인쇄도수,양면,4,4,0,8,8
누드 카드명함,단면칼라4도,명함인쇄도수,단면,4,0,0,4,4
누드 카드명함,양면칼라8도,명함인쇄도수,양면,4,4,0,8,8
홀로그램플러스 카드명함,단면칼라4도,명함인쇄도수,단면,4,0,0,4,4
홀로그램플러스 카드명함,양면칼라8도,명함인쇄도수,양면,4,4,0,8,8
반누드플러스 카드명함,단면칼라4도,명함인쇄도수,단면,4,0,0,4,4
반누드플러스 카드명함,양면칼라8도,명함인쇄도수,양면,4,4,0,8,8
은펄반누드 카드명함,단면칼라4도,명함인쇄도수,단면,4,0,0,4,4
은펄반누드 카드명함,양면칼라8도,명함인쇄도수,양면,4,4,0,8,8
금펄반누드 카드명함,단면칼라4도,명함인쇄도수,단면,4,0,0,4,4
금펄반누드 카드명함,양면칼라8도,명함인쇄도수,양면,4,4,0,8,8
은펄플러스 카드명함,단면칼라4도,명함인쇄도수,단면,4,0,0,4,4
은펄플러스 카드명함,양면칼라8도,명함인쇄도수,양면,4,4,0,8,8
금펄플러스 카드명함,단면칼라4도,명함인쇄도수,단면,4,0,0,4,4
금펄플러스 카드명함,양면칼라8도,명함인쇄도수,양면,4,4,0,8,8
금펄더블플러스명함,단면칼라4도,명함인쇄도수,단면,4,0,0,4,4
금펄더블플러스명함,양면칼라8도,명함인쇄도수,양면,4,4,0,8,8
홀로그램 더블플러스 카드명함,단면칼라4도,명함인쇄도수,단면,4,0,0,4,4
홀로그램 더블플러스 카드명함,양면칼라8도,명함인쇄도수,양면,4,4,0,8,8
메탈실버 카드명함,단면칼라4도,명함인쇄도수,단면,4,0,0,4,4
메탈실버 카드명함,양면칼라8도,명함인쇄도수,양면,4,4,0,8,8
메탈골드 카드명함,단면칼라4도,명함인쇄도수,단면,4,0,0,4,4
메탈골드 카드명함,양면칼라8도,명함인쇄도수,양면,4,4,0,8,8
카드명함 샘플킷,단면칼라4도,명함인쇄도수,단면,4,0,0,4,4
카드명함 샘플킷,양면칼라8도,명함인쇄도수,양면,4,4,0,8,8
스타일 휘라레명함,단면칼라4도,명함인쇄도수,단면,4,0,0,4,4
스타일 휘라레명함,양면칼라8도,명함인쇄도수,양면,4,4,0,8,8
스타일 반누브명함,단면칼라4도,명함인쇄도수,단면,4,0,0,4,4
스타일 반누브명함,양면칼라8도,명함인쇄도수,양면,4,4,0,8,8
스타일 스타드림명함,단면칼라4도,명함인쇄도수,단면,4,0,0,4,4
스타일 스타드림명함,양면칼라8도,명함인쇄도수,양면,4,4,0,8,8
스타일 코팅명함,단면칼라4도,명함인쇄도수,단면,4,0,0,4,4
스타일 코팅명함,단면칼라4도+뒷면먹1도,명함인쇄도수,양면,4,1,0,5,5
스타일 코팅명함,양면칼라8도,명함인쇄도수,양면,4,4,0,8,8
스타일 무코팅명함,단면칼라4도,명함인쇄도수,단면,4,0,0,4,4
스타일 무코팅명함,단면칼라4도+뒷면먹1도,명함인쇄도수,양면,4,1,0,5,5
스타일 무코팅명함,양면칼라8도,명함인쇄도수,양면,4,4,0,8,8
복권,단면칼라4도,명함인쇄도수,단면,4,0,0,4,4
복권,단면칼라4도+뒷면먹1도,명함인쇄도수,양면,4,1,0,5,5
복권,양면칼라8도,명함인쇄도수,양면,4,4,0,8,8
엽서,단면칼라4도,명함인쇄도수,단면,4,0,0,4,4
엽서,양면칼라8도,명함인쇄도수,양면,4,4,0,8,8
초대장,단면칼라4도,명함인쇄도수,단면,4,0,0,4,4
초대장,양면칼라8도,명함인쇄도수,양면,4,4,0,8,8
상품권,단면칼라4도,명함인쇄도수,단면,4,0,0,4,4
상품권,양면칼라8도,명함인쇄도수,양면,4,4,0,8,8
종이자석,단면칼라4도,명함인쇄도수,단면,4,0,0,4,4
강접 코팅스티커,단면칼라4도,스티커인쇄도수,단면,4,0,0,4,4
강접 무코팅스티커,단면칼라4도,스티커인쇄도수,단면,4,0,0,4,4
은무데드롱스티커,단면칼라4도,스티커인쇄도수,단면,4,0,0,4,4
유포지스티커,단면칼라4도,스티커인쇄도수,단면,4,0,0,4,4
투명스티커,단면칼라4도,스티커인쇄도수,단면,4,0,0,4,4
자석스티커 사각귀돌이,단면칼라4도,스티커인쇄도수,단면,4,0,0,4,4
모조지 스티커,단면칼라4도,스티커인쇄도수,단면,4,0,0,4,4
원형,단면칼라4도,스티커인쇄도수,단면,4,0,0,4,4
반원형,단면칼라4도,스티커인쇄도수,단면,4,0,0,4,4
타원형,단면칼라4도,스티커인쇄도수,단면,4,0,0,4,4
정사각형,단면칼라4도,스티커인쇄도수,단면,4,0,0,4,4
직사각형,단면칼라4도,스티커인쇄도수,단면,4,0,0,4,4
하트형,단면칼라4도,스티커인쇄도수,단면,4,0,0,4,4
보험 도무송형스티커,단면칼라4도,스티커인쇄도수,단면,4,0,0,4,4
비디오/카세트,단면칼라4도,스티커인쇄도수,단면,4,0,0,4,4
자석오프너,단면칼라4도,스티커인쇄도수,단면,4,0,0,4,4
자유형,단면칼라4도,스티커인쇄도수,단면,4,0,0,4,4
아트지 합판전단,단면칼라4도,전단인쇄도수,단면,4,0,0,4,4
아트지 합판전단,양면칼라8도,전단인쇄도수,양면,4,4,0,8,8
모조지 합판전단,단면칼라4도,전단인쇄도수,단면,4,0,0,4,4
모조지 합판전단,양면칼라8도,전단인쇄도수,양면,4,4,0,8,8
일반지 독판전단,칼라4도,전단인쇄도수,전면,4,0,0,4,4
일반지 독판전단,먹1도,전단인쇄도수,전면,1,0,0,1,1
일반지 독판전단,없음,전단인쇄도수,후면,0,0,0,0,0
일반지 독판전단,칼라4도,전단인쇄도수,후면,0,4,0,4,4
일반지 독판전단,먹1도,전단인쇄도수,후면,0,1,0,1,1
고급지 독판전단,칼라4도,전단인쇄도수,전면,4,0,0,4,4
고급지 독판전단,먹1도,전단인쇄도수,전면,1,0,0,1,1
고급지 독판전단,없음,전단인쇄도수,후면,0,0,0,0,0
고급지 독판전단,칼라4도,전단인쇄도수,후면,0,4,0,4,4
고급지 독판전단,먹1도,전단인쇄도수,후면,0,1,0,1,1
특수지 독판전단,칼라4도,전단인쇄도수,전면,4,0,0,4,4
특수지 독판전단,먹1도,전단인쇄도수,전면,1,0,0,1,1
특수지 독판전단,없음,전단인쇄도수,후면,0,0,0,0,0
특수지 독판전단,칼라4도,전단인쇄도수,후면,0,4,0,4,4
특수지 독판전단,먹1도,전단인쇄도수,후면,0,1,0,1,1
수입지 독판전단,칼라4도,전단인쇄도수,전면,4,0,0,4,4
수입지 독판전단,먹1도,전단인쇄도수,전면,1,0,0,1,1
수입지 독판전단,없음,전단인쇄도수,후면,0,0,0,0,0
수입지 독판전단,칼라4도,전단인쇄도수,후면,0,4,0,4,4
수입지 독판전단,먹1도,전단인쇄도수,후면,0,1,0,1,1
일반지 카다로그,칼라4도,광고홍보물인쇄도수,전면,4,0,0,4,4
일반지 카다로그,없음,광고홍보물인쇄도수,후면,0,0,0,0,0
일반지 카다로그,칼라4도,광고홍보물인쇄도수,후면,0,4,0,4,4
고급지 카다로그,칼라4도,광고홍보물인쇄도수,전면,4,0,0,4,4
고급지 카다로그,없음,광고홍보물인쇄도수,후면,0,0,0,0,0
고급지 카다로그,칼라4도,광고홍보물인쇄도수,후면,0,4,0,4,4
특수지 카다로그,칼라4도,광고홍보물인쇄도수,전면,4,0,0,4,4
특수지 카다로그,없음,광고홍보물인쇄도수,후면,0,0,0,0,0
특수지 카다로그,칼라4도,광고홍보물인쇄도수,후면,0,4,0,4,4
수입지 카다로그,칼라4도,광고홍보물인쇄도수,전면,4,0,0,4,4
수입지 카다로그,없음,광고홍보물인쇄도수,후면,0,0,0,0,0
수입지 카다로그,칼라4도,광고홍보물인쇄도수,후면,0,4,0,4,4
일반지 책자 인쇄물,먹1도,광고홍보물인쇄도수,전면,1,0,0,1,1
일반지 책자 인쇄물,먹2도,광고홍보물인쇄도수,전면,2,0,0,2,2
일반지 책자 인쇄물,없음,광고홍보물인쇄도수,후면,0,0,0,0,0
일반지 책자 인쇄물,먹1도,광고홍보물인쇄도수,후면,0,1,0,1,1
일반지 책자 인쇄물,먹2도,광고홍보물인쇄도수,후면,0,2,0,2,2
포스터,칼라4도,광고홍보물인쇄도수,단면,4,0,0,4,4
리플렛/팜플렛,칼라4도,광고홍보물인쇄도수,전면,4,0,0,4,4
리플렛/팜플렛,없음,광고홍보물인쇄도수,후면,0,0,0,0,0
리플렛/팜플렛,칼라4도,광고홍보물인쇄도수,후면,0,4,0,4,4
메뉴판,양면칼라8도,광고홍보물인쇄도수,양면,4,4,0,8,8
홀더,단면칼라4도,광고홍보물인쇄도수,단면,4,0,0,4,4
홀더,양면칼라8도,광고홍보물인쇄도수,양면,4,4,0,8,8
문어발,단면칼라4도,광고홍보물인쇄도수,단면,4,0,0,4,4
문어발,양면칼라8도,광고홍보물인쇄도수,양면,4,4,0,8,8
문고리,단면칼라4도,광고홍보물인쇄도수,단면,4,0,0,4,4
문고리,양면칼라8도,광고홍보물인쇄도수,양면,4,4,0,8,8
메모지,단면칼라4도,광고홍보물인쇄도수,단면,4,0,0,4,4
메모지,양면칼라8도,광고홍보물인쇄도수,양면,4,4,0,8,8
규격 대봉투 ,단면칼라4도,봉투인쇄도수,단면,4,0,0,4,4
자켓 대봉투 ,단면칼라4도,봉투인쇄도수,단면,4,0,0,4,4
규격 중봉투 ,단면칼라4도,봉투인쇄도수,단면,4,0,0,4,4
자켓 중봉투 ,단면칼라4도,봉투인쇄도수,단면,4,0,0,4,4
규격 소봉투 ,단면칼라4도,봉투인쇄도수,단면,4,0,0,4,4
자켓 소봉투,단면칼라4도,봉투인쇄도수,단면,4,0,0,4,4
각대봉투,먹1도,봉투인쇄도수,단면,1,0,0,1,1
각대봉투,원청1도,봉투인쇄도수,단면,1,0,0,1,1
각대봉투,군청1도,봉투인쇄도수,단면,1,0,0,1,1
각대봉투,원적1도,봉투인쇄도수,단면,1,0,0,1,1
각대봉투,금적1도,봉투인쇄도수,단면,1,0,0,1,1
신규격봉투,먹1도,봉투인쇄도수,단면,1,0,0,1,1
신규격봉투,원청1도,봉투인쇄도수,단면,1,0,0,1,1
신규격봉투,군청1도,봉투인쇄도수,단면,1,0,0,1,1
신규격봉투,원적1도,봉투인쇄도수,단면,1,0,0,1,1
신규격봉투,금적1도,봉투인쇄도수,단면,1,0,0,1,1
사각봉투,먹1도,봉투인쇄도수,단면,1,0,0,1,1
사각봉투,원청1도,봉투인쇄도수,단면,1,0,0,1,1
사각봉투,군청1도,봉투인쇄도수,단면,1,0,0,1,1
사각봉투,원적1도,봉투인쇄도수,단면,1,0,0,1,1
사각봉투,금적1도,봉투인쇄도수,단면,1,0,0,1,1
카드봉투,먹1도,봉투인쇄도수,단면,1,0,0,1,1
카드봉투,원청1도,봉투인쇄도수,단면,1,0,0,1,1
카드봉투,군청1도,봉투인쇄도수,단면,1,0,0,1,1
카드봉투,원적1도,봉투인쇄도수,단면,1,0,0,1,1
카드봉투,금적1도,봉투인쇄도수,단면,1,0,0,1,1
월급봉투,먹1도,봉투인쇄도수,단면,1,0,0,1,1
월급봉투,원청1도,봉투인쇄도수,단면,1,0,0,1,1
월급봉투,군청1도,봉투인쇄도수,단면,1,0,0,1,1
월급봉투,원적1도,봉투인쇄도수,단면,1,0,0,1,1
월급봉투,금적1도,봉투인쇄도수,단면,1,0,0,1,1
수강료봉투,먹1도,봉투인쇄도수,단면,1,0,0,1,1
수강료봉투,원청1도,봉투인쇄도수,단면,1,0,0,1,1
수강료봉투,군청1도,봉투인쇄도수,단면,1,0,0,1,1
수강료봉투,원적1도,봉투인쇄도수,단면,1,0,0,1,1
수강료봉투,금적1도,봉투인쇄도수,단면,1,0,0,1,1
티켓봉투,먹1도,봉투인쇄도수,단면,1,0,0,1,1
티켓봉투,원청1도,봉투인쇄도수,단면,1,0,0,1,1
티켓봉투,군청1도,봉투인쇄도수,단면,1,0,0,1,1
티켓봉투,원적1도,봉투인쇄도수,단면,1,0,0,1,1
티켓봉투,금적1도,봉투인쇄도수,단면,1,0,0,1,1
장교봉투,먹1도,봉투인쇄도수,단면,1,0,0,1,1
장교봉투,원청1도,봉투인쇄도수,단면,1,0,0,1,1
장교봉투,군청1도,봉투인쇄도수,단면,1,0,0,1,1
장교봉투,원적1도,봉투인쇄도수,단면,1,0,0,1,1
장교봉투,금적1도,봉투인쇄도수,단면,1,0,0,1,1
창봉투,먹1도,봉투인쇄도수,단면,1,0,0,1,1
창봉투,원청1도,봉투인쇄도수,단면,1,0,0,1,1
창봉투,군청1도,봉투인쇄도수,단면,1,0,0,1,1
창봉투,원적1도,봉투인쇄도수,단면,1,0,0,1,1
창봉투,금적1도,봉투인쇄도수,단면,1,0,0,1,1
상하지(2매1조),먹1도,마스터인쇄도수,전면,1,0,0,1,1
상하지(2매1조),원청1도,마스터인쇄도수,전면,1,0,0,1,1
상하지(2매1조),군청1도,마스터인쇄도수,전면,1,0,0,1,1
상하지(2매1조),원적1도,마스터인쇄도수,전면,1,0,0,1,1
상하지(2매1조),금적1도,마스터인쇄도수,전면,1,0,0,1,1
상하지(2매1조),없음,마스터인쇄도수,후면,0,0,0,0,0
상하지(2매1조),먹1도,마스터인쇄도수,후면,0,1,0,1,1
상하지(2매1조),원청1도,마스터인쇄도수,후면,0,1,0,1,1
상하지(2매1조),군청1도,마스터인쇄도수,후면,0,1,0,1,1
상하지(2매1조),원적1도,마스터인쇄도수,후면,0,1,0,1,1
상하지(2매1조),금적1도,마스터인쇄도수,후면,0,1,0,1,1
상중하지(3매1조),먹1도,마스터인쇄도수,전면,1,0,0,1,1
상중하지(3매1조),원청1도,마스터인쇄도수,전면,1,0,0,1,1
상중하지(3매1조),군청1도,마스터인쇄도수,전면,1,0,0,1,1
상중하지(3매1조),원적1도,마스터인쇄도수,전면,1,0,0,1,1
상중하지(3매1조),금적1도,마스터인쇄도수,전면,1,0,0,1,1
상중하지(3매1조),없음,마스터인쇄도수,후면,0,0,0,0,0
상중하지(3매1조),먹1도,마스터인쇄도수,후면,0,1,0,1,1
상중하지(3매1조),원청1도,마스터인쇄도수,후면,0,1,0,1,1
상중하지(3매1조),군청1도,마스터인쇄도수,후면,0,1,0,1,1
상중하지(3매1조),원적1도,마스터인쇄도수,후면,0,1,0,1,1
상중하지(3매1조),금적1도,마스터인쇄도수,후면,0,1,0,1,1
상중중하지(4매1조),먹1도,마스터인쇄도수,전면,1,0,0,1,1
상중중하지(4매1조),원청1도,마스터인쇄도수,전면,1,0,0,1,1
상중중하지(4매1조),군청1도,마스터인쇄도수,전면,1,0,0,1,1
상중중하지(4매1조),원적1도,마스터인쇄도수,전면,1,0,0,1,1
상중중하지(4매1조),금적1도,마스터인쇄도수,전면,1,0,0,1,1
상중중하지(4매1조),없음,마스터인쇄도수,후면,0,0,0,0,0
상중중하지(4매1조),먹1도,마스터인쇄도수,후면,0,1,0,1,1
상중중하지(4매1조),원청1도,마스터인쇄도수,후면,0,1,0,1,1
상중중하지(4매1조),군청1도,마스터인쇄도수,후면,0,1,0,1,1
상중중하지(4매1조),원적1도,마스터인쇄도수,후면,0,1,0,1,1
상중중하지(4매1조),금적1도,마스터인쇄도수,후면,0,1,0,1,1
양식지,먹1도,마스터인쇄도수,전면,1,0,0,1,1
양식지,원청1도,마스터인쇄도수,전면,1,0,0,1,1
양식지,군청1도,마스터인쇄도수,전면,1,0,0,1,1
양식지,원적1도,마스터인쇄도수,전면,1,0,0,1,1
양식지,금적1도,마스터인쇄도수,전면,1,0,0,1,1
양식지,없음,마스터인쇄도수,후면,0,0,0,0,0
양식지,먹1도,마스터인쇄도수,후면,0,1,0,1,1
양식지,원청1도,마스터인쇄도수,후면,0,1,0,1,1
양식지,군청1도,마스터인쇄도수,후면,0,1,0,1,1
양식지,원적1도,마스터인쇄도수,후면,0,1,0,1,1
양식지,금적1도,마스터인쇄도수,후면,0,1,0,1,1
일반지 전단,단면칼라4도,초소량인쇄도수,단면,4,0,0,4,4
일반지 전단,양면칼라8도,초소량인쇄도수,양면,4,4,0,8,8
M타입봉투,원청1도,기타인쇄도수,단면,1,0,0,1,1
M타입봉투,군청1도,기타인쇄도수,단면,1,0,0,1,1
M타입봉투,원적1도,기타인쇄도수,단면,1,0,0,1,1
M타입봉투,금적1도,기타인쇄도수,단면,1,0,0,1,1
M타입봉투,노랑1도,기타인쇄도수,단면,1,0,0,1,1
M타입봉투,초록1도,기타인쇄도수,단면,1,0,0,1,1
M타입봉투,원청1도,기타인쇄도수,단면,1,0,0,1,1
M타입봉투,검정1도,기타인쇄도수,단면,1,0,0,1,1
사각타입봉투,원청1도,기타인쇄도수,단면,1,0,0,1,1
사각타입봉투,군청1도,기타인쇄도수,단면,1,0,0,1,1
사각타입봉투,원적1도,기타인쇄도수,단면,1,0,0,1,1
사각타입봉투,금적1도,기타인쇄도수,단면,1,0,0,1,1
사각타입봉투,노랑1도,기타인쇄도수,단면,1,0,0,1,1
사각타입봉투,초록1도,기타인쇄도수,단면,1,0,0,1,1
사각타입봉투,원청1도,기타인쇄도수,단면,1,0,0,1,1
사각타입봉투,검정1도,기타인쇄도수,단면,1,0,0,1,1
다이니티명함,단면칼라4도,디지털인쇄도수,단면,4,0,0,4,4
다이니티명함,양면칼라8도,디지털인쇄도수,양면,4,4,0,8,8
아르떼명함,단면칼라4도,디지털인쇄도수,단면,4,0,0,4,4
아르떼명함,양면칼라8도,디지털인쇄도수,양면,4,4,0,8,8
네뚜노명함,단면칼라4도,디지털인쇄도수,단면,4,0,0,4,4
네뚜노명함,양면칼라8도,디지털인쇄도수,양면,4,4,0,8,8
대례지명함,단면칼라4도,디지털인쇄도수,단면,4,0,0,4,4
대례지명함,양면칼라8도,디지털인쇄도수,양면,4,4,0,8,8
르느와르명함,단면칼라4도,디지털인쇄도수,단면,4,0,0,4,4
르느와르명함,양면칼라8도,디지털인쇄도수,양면,4,4,0,8,8
띤또레또명함,단면칼라4도,디지털인쇄도수,단면,4,0,0,4,4
띤또레또명함,양면칼라8도,디지털인쇄도수,양면,4,4,0,8,8
랑데뷰명함,단면칼라4도,디지털인쇄도수,단면,4,0,0,4,4
랑데뷰명함,양면칼라8도,디지털인쇄도수,양면,4,4,0,8,8
레이나명함,단면칼라4도,디지털인쇄도수,단면,4,0,0,4,4
레이나명함,양면칼라8도,디지털인쇄도수,양면,4,4,0,8,8
루프 스노우명함,단면칼라4도,디지털인쇄도수,단면,4,0,0,4,4
루프 스노우명함,양면칼라8도,디지털인쇄도수,양면,4,4,0,8,8
루프 스트로명함,단면칼라4도,디지털인쇄도수,단면,4,0,0,4,4
루프 스트로명함,양면칼라8도,디지털인쇄도수,양면,4,4,0,8,8
마쉬맬로우 아이보리명함,단면칼라4도,디지털인쇄도수,단면,4,0,0,4,4
마쉬맬로우 아이보리명함,양면칼라8도,디지털인쇄도수,양면,4,4,0,8,8
마제스틱 메탈금명함,단면칼라4도,디지털인쇄도수,단면,4,0,0,4,4
마제스틱 메탈금명함,양면칼라8도,디지털인쇄도수,양면,4,4,0,8,8
마제스틱 메탈은명함,단면칼라4도,디지털인쇄도수,단면,4,0,0,4,4
마제스틱 메탈은명함,양면칼라8도,디지털인쇄도수,양면,4,4,0,8,8
키칼라메탈릭 화이트명함,단면칼라4도,디지털인쇄도수,단면,4,0,0,4,4
키칼라메탈릭 화이트명함,양면칼라8도,디지털인쇄도수,양면,4,4,0,8,8
몽블랑 명함,단면칼라4도,디지털인쇄도수,단면,4,0,0,4,4
몽블랑 명함,양면칼라8도,디지털인쇄도수,양면,4,4,0,8,8
시로에콜로 에코명함,단면칼라4도,디지털인쇄도수,단면,4,0,0,4,4
시로에콜로 에코명함,양면칼라8도,디지털인쇄도수,양면,4,4,0,8,8
문켄디자인 폴라명함,단면칼라4도,디지털인쇄도수,단면,4,0,0,4,4
문켄디자인 폴라명함,양면칼라8도,디지털인쇄도수,양면,4,4,0,8,8
빌리지 네츄럴명함,단면칼라4도,디지털인쇄도수,단면,4,0,0,4,4
빌리지 네츄럴명함,양면칼라8도,디지털인쇄도수,양면,4,4,0,8,8
슈퍼파인명함,단면칼라4도,디지털인쇄도수,단면,4,0,0,4,4
슈퍼파인명함,양면칼라8도,디지털인쇄도수,양면,4,4,0,8,8
스마트명함,단면칼라4도,디지털인쇄도수,단면,4,0,0,4,4
스마트명함,양면칼라8도,디지털인쇄도수,양면,4,4,0,8,8
스타드림 화이트명함,단면칼라4도,디지털인쇄도수,단면,4,0,0,4,4
스타드림 화이트명함,양면칼라8도,디지털인쇄도수,양면,4,4,0,8,8
시리오펄 골드명함,단면칼라4도,디지털인쇄도수,단면,4,0,0,4,4
시리오펄 골드명함,양면칼라8도,디지털인쇄도수,양면,4,4,0,8,8
시리오펄 실버명함,단면칼라4도,디지털인쇄도수,단면,4,0,0,4,4
시리오펄 실버명함,양면칼라8도,디지털인쇄도수,양면,4,4,0,8,8
시리오펄 스노우명함,단면칼라4도,디지털인쇄도수,단면,4,0,0,4,4
시리오펄 스노우명함,양면칼라8도,디지털인쇄도수,양면,4,4,0,8,8
시리오펄 진주명함,단면칼라4도,디지털인쇄도수,단면,4,0,0,4,4
시리오펄 진주명함,양면칼라8도,디지털인쇄도수,양면,4,4,0,8,8
심볼 명함,단면칼라4도,디지털인쇄도수,단면,4,0,0,4,4
심볼 명함,양면칼라8도,디지털인쇄도수,양면,4,4,0,8,8
울트라 사틴명함,단면칼라4도,디지털인쇄도수,단면,4,0,0,4,4
울트라 사틴명함,양면칼라8도,디지털인쇄도수,양면,4,4,0,8,8
썬샤인명함,단면칼라4도,디지털인쇄도수,단면,4,0,0,4,4
썬샤인명함,양면칼라8도,디지털인쇄도수,양면,4,4,0,8,8
앙상블명함,단면칼라4도,디지털인쇄도수,단면,4,0,0,4,4
앙상블명함,양면칼라8도,디지털인쇄도수,양면,4,4,0,8,8
에이프릴 브라이드명함,단면칼라4도,디지털인쇄도수,단면,4,0,0,4,4
에이프릴 브라이드명함,양면칼라8도,디지털인쇄도수,양면,4,4,0,8,8
오로 황금명함,단면칼라4도,디지털인쇄도수,단면,4,0,0,4,4
오로 황금명함,양면칼라8도,디지털인쇄도수,양면,4,4,0,8,8
유포 블루명함,단면칼라4도,디지털인쇄도수,단면,4,0,0,4,4
유포 블루명함,양면칼라8도,디지털인쇄도수,양면,4,4,0,8,8
인바이런먼트명함,단면칼라4도,디지털인쇄도수,단면,4,0,0,4,4
인바이런먼트명함,양면칼라8도,디지털인쇄도수,양면,4,4,0,8,8
코롤라명함,단면칼라4도,디지털인쇄도수,단면,4,0,0,4,4
코롤라명함,양면칼라8도,디지털인쇄도수,양면,4,4,0,8,8
크롬코트 실크명함,단면칼라4도,디지털인쇄도수,단면,4,0,0,4,4
크롬코트 실크명함,양면칼라8도,디지털인쇄도수,양면,4,4,0,8,8
크롬코트 화이트명함,단면칼라4도,디지털인쇄도수,단면,4,0,0,4,4
크롬코트 화이트명함,양면칼라8도,디지털인쇄도수,양면,4,4,0,8,8
트루카드 명함,단면칼라4도,디지털인쇄도수,단면,4,0,0,4,4
트루카드 명함,양면칼라8도,디지털인쇄도수,양면,4,4,0,8,8
켄도명함,단면칼라4도,디지털인쇄도수,단면,4,0,0,4,4
켄도명함,양면칼라8도,디지털인쇄도수,양면,4,4,0,8,8
코로나도명함,단면칼라4도,디지털인쇄도수,단면,4,0,0,4,4
코로나도명함,양면칼라8도,디지털인쇄도수,양면,4,4,0,8,8
프리즈마명함,단면칼라4도,디지털인쇄도수,단면,4,0,0,4,4
프리즈마명함,양면칼라8도,디지털인쇄도수,양면,4,4,0,8,8
휘닉스모션명함,단면칼라4도,디지털인쇄도수,단면,4,0,0,4,4
휘닉스모션명함,양면칼라8도,디지털인쇄도수,양면,4,4,0,8,8
린넨커버 펄명함,단면칼라4도,디지털인쇄도수,단면,4,0,0,4,4
린넨커버 펄명함,양면칼라8도,디지털인쇄도수,양면,4,4,0,8,8
반누브 화이트명함,단면칼라4도,디지털인쇄도수,단면,4,0,0,4,4
반누브 화이트명함,양면칼라8도,디지털인쇄도수,양면,4,4,0,8,8
반누브 울트라화이트명함,단면칼라4도,디지털인쇄도수,단면,4,0,0,4,4
반누브 울트라화이트명함,양면칼라8도,디지털인쇄도수,양면,4,4,0,8,8
스펜더룩스명함,단면칼라4도,디지털인쇄도수,단면,4,0,0,4,4
스펜더룩스명함,양면칼라8도,디지털인쇄도수,양면,4,4,0,8,8
카멜레온명함,단면칼라4도,디지털인쇄도수,단면,4,0,0,4,4
카멜레온명함,양면칼라8도,디지털인쇄도수,양면,4,4,0,8,8
Extra 퓨어명함,단면칼라4도,디지털인쇄도수,단면,4,0,0,4,4
Extra 퓨어명함,양면칼라8도,디지털인쇄도수,양면,4,4,0,8,8
Extra 매트명함,단면칼라4도,디지털인쇄도수,단면,4,0,0,4,4
Extra 매트명함,양면칼라8도,디지털인쇄도수,양면,4,4,0,8,8
Extra 린넨명함,단면칼라4도,디지털인쇄도수,단면,4,0,0,4,4
Extra 린넨명함,양면칼라8도,디지털인쇄도수,양면,4,4,0,8,8
파스텔릭스,단면칼라4도,디지털인쇄도수,단면,4,0,0,4,4
파스텔릭스,양면칼라8도,디지털인쇄도수,양면,4,4,0,8,8