일반명함,굿프린팅 인쇄,확정형,,확정형,,굿프린팅 인쇄,일반옵셋
고급명함,굿프린팅 인쇄,확정형,,확정형,,굿프린팅 인쇄,UV특수옵셋
카드명함,굿프린팅 인쇄,확정형,,확정형,,굿프린팅 인쇄,UV특수옵셋
스타일명함,굿프린팅 인쇄,확정형,,확정형,,굿프린팅 인쇄,일반옵셋
스타일명함,굿프린팅 인쇄,확정형,,확정형,,굿프린팅 인쇄,UV특수옵셋
스페셜상품,굿프린팅 인쇄,확정형,,확정형,,굿프린팅 인쇄,일반옵셋
스페셜상품,굿프린팅 인쇄,확정형,,확정형,,굿프린팅 인쇄,UV특수옵셋
재단형스티커,굿프린팅 인쇄,확정형,,확정형,,굿프린팅 인쇄,일반옵셋
재단형스티커,굿프린팅 인쇄,확정형,,확정형,,굿프린팅 인쇄,UV특수옵셋
도무송형스티커,굿프린팅 인쇄,확정형,,확정형,,굿프린팅 인쇄,일반옵셋
도무송형스티커,굿프린팅 인쇄,확정형,,확정형,,굿프린팅 인쇄,UV특수옵셋
합판전단(일반형),굿프린팅 인쇄,확정형,,확정형,,굿프린팅 인쇄,일반옵셋
특가전단(특가형),굿프린팅 인쇄,확정형,,확정형,,굿프린팅 인쇄,일반옵셋
독판전단(주문형),굿프린팅 인쇄,계산형,가격등록,계산형,,굿프린팅 인쇄,일반옵셋
독판전단(주문형),굿프린팅 인쇄,계산형,가격등록,계산형,,굿프린팅 인쇄,UV특수옵셋
카다로그/브로셔,굿프린팅 인쇄,계산형,가격등록,계산형,,굿프린팅 인쇄,일반옵셋
카다로그/브로셔,굿프린팅 인쇄,계산형,가격등록,계산형,,굿프린팅 인쇄,UV특수옵셋
책자,굿프린팅 인쇄,계산형,가격등록,계산형,,굿프린팅 인쇄,일반옵셋
책자,굿프린팅 인쇄,계산형,가격등록,계산형,,굿프린팅 인쇄,UV특수옵셋
기획 인쇄물,굿프린팅 인쇄,확정형,,확정형,,굿프린팅 인쇄,일반옵셋
기획 인쇄물,굿프린팅 인쇄,확정형,,확정형,,굿프린팅 인쇄,UV특수옵셋
합판 칼라봉투(일반형),굿프린팅 인쇄,확정형,,확정형,,굿프린팅 인쇄,일반옵셋
합판 칼라봉투(일반형),굿프린팅 인쇄,확정형,,확정형,,굿프린팅 인쇄,UV특수옵셋
독판 칼라봉투(주문형),굿프린팅 인쇄,확정형,,확정형,,굿프린팅 인쇄,일반옵셋
마스터 봉투,굿프린팅 인쇄,확정형,,확정형,,굿프린팅 인쇄,마스터인쇄
NCR,굿프린팅 인쇄,확정형,,확정형,,굿프린팅 인쇄,마스터인쇄
마스터 양식지,굿프린팅 인쇄,확정형,,확정형,,굿프린팅 인쇄,마스터인쇄
초소량 인쇄,굿프린팅 인쇄,확정형,,확정형,,굿프린팅 인쇄,일반옵셋
그린백,굿프린팅 인쇄,확정형,,확정형,,굿프린팅 인쇄,그라비아인쇄
디지털명함,굿프린팅 인쇄,확정형,,확정형,,굿프린팅 인쇄,디지털인쇄