스노우지,,백색,250,은은한,일반용지,g,46,1091*788,R
스노우지,,백색,250,은은한,일반용지,g,국,939*636,R
스노우지,,백색,250,은은한,일반용지,g,46,1091*788,R
스노우지,,백색,250,은은한,일반용지,g,국,939*636,R
스노우지,,백색,250,은은한,일반용지,g,46,1091*788,R
스노우지,,백색,250,은은한,일반용지,g,국,939*636,R
스노우지,,백색,250,은은한,일반용지,g,46,1091*788,R
스노우지,,백색,250,은은한,일반용지,g,국,939*636,R
빌리지,화이트,백색,200,엠보,고급용지,g,46,1091*788,R
빌리지,화이트,백색,200,엠보,고급용지,g,국,939*636,R
베이직,화이트,백색,233,부드러운,고급용지,g,g,g,R
베이직,화이트,백색,233,부드러운,고급용지,g,g,g,R
반누브,네츄럴,미색,210,부드러운,고급용지,g,46,1091*788,R
반누브,네츄럴,미색,210,부드러운,고급용지,g,국,939*636,R
그레이스,화이트,미색,209,매끈한,고급용지,g,46,1091*788,R
그레이스,화이트,미색,209,매끈한,고급용지,g,국,939*636,R
컨셉 ,블루펄,블루백색,285,펄,고급용지,g,46,1091*788,R
컨셉 ,블루펄,블루백색,285,펄,고급용지,g,국,939*636,R
키칼라메탈릭,화이트골드,금색,200,펄,고급용지,g,46,1091*788,R
키칼라메탈릭,화이트골드,금색,200,펄,고급용지,g,국,939*636,R
키칼라메탈릭,아이스골드,은색,200,펄,고급용지,g,46,1091*788,R
키칼라메탈릭,아이스골드,은색,200,펄,고급용지,g,국,939*636,R
매쉬멜로우,화이트,백색,209,매끈한,고급용지,g,46,1091*788,R
매쉬멜로우,화이트,백색,209,매끈한,고급용지,g,국,939*636,R
팝셋,화이트펄,백색,240,펄,고급용지,g,46,1091*788,R
팝셋,화이트펄,백색,240,펄,고급용지,g,국,939*636,R
샤인스페셜,화이트,백색,200,펄,고급용지,g,46,1091*788,R
샤인스페셜,화이트,백색,200,펄,고급용지,g,국,939*636,R
스타드림,쿼츠,은색,220,펄,고급용지,g,46,1091*788,R
스타드림,쿼츠,은색,220,펄,고급용지,g,국,939*636,R
갤럭시로얄,골드,금색,200,펄,고급용지,g,46,1091*788,R
갤럭시로얄,골드,금색,200,펄,고급용지,g,국,939*636,R
갤럭시로얄,실버,은색,250,펄,고급용지,g,46,1091*788,R
갤럭시로얄,실버,은색,250,펄,고급용지,g,국,939*636,R
스코틀랜드,화이트,백색,220,엠보,고급용지,g,46,1091*788,R
스코틀랜드,화이트,백색,220,엠보,고급용지,g,국,939*636,R
탄트지,아이보리,미색,200,엠보,고급용지,g,46,1091*788,R
탄트지,아이보리,미색,200,엠보,고급용지,g,국,939*636,R
유포지,,미색,200,매끈한,고급용지,g,46,1091*788,R
유포지,,미색,200,매끈한,고급용지,g,국,939*636,R
휘라레,솔라화이트,백색,216,엠보,고급용지,g,46,1091*788,R
휘라레,솔라화이트,백색,216,엠보,고급용지,g,국,939*636,R
랑데부,네츄럴,미색,240,부드러운,고급용지,g,46,1091*788,R
랑데부,네츄럴,미색,240,부드러운,고급용지,g,국,939*636,R
반누드 카드,PET,흰색,200,반짝이는,카드용지,g,국,939*636,R
화이트 카드,PET,흰색,200,반짝이는,카드용지,g,국,939*636,R
실버 카드,PET,은색,200,반짝이는,카드용지,g,국,939*636,R
골드 카드,PET,금색,200,반짝이는,카드용지,g,국,939*636,R
거울(밀러)플러스 카드,PET,은색,200,반짝이는,카드용지,g,국,939*636,R
실버플러스 카드,PET,은색,200,반짝이는,카드용지,g,국,939*636,R
골드플러스 카드,PET,금색,200,반짝이는,카드용지,g,국,939*636,R
은펄 카드,PET,은색,200,반짝이는,카드용지,g,국,939*636,R
금펄 카드,PET,금색,200,반짝이는,카드용지,g,국,939*636,R
누드 카드,PET,투명,200,반짝이는,카드용지,g,국,939*636,R
홀로그램플러스 카드,PET,홀로그램,200,반짝이는,카드용지,g,국,939*636,R
반누드플러스 카드,PET,반투명,200,반짝이는,카드용지,g,국,939*636,R
은펄반누드 카드,PET,은펄,200,반짝이는,카드용지,g,국,939*636,R
금펄반누드 카드,PET,금펄,200,반짝이는,카드용지,g,국,939*636,R
은펄플러스 카드,PET,은펄,200,반짝이는,카드용지,g,국,939*636,R
금펄플러스 카드,PET,금펄,200,반짝이는,카드용지,g,국,939*636,R
금펄더블플러스 카드,PET,금펄,200,반짝이는,카드용지,g,국,939*636,R
홀로그램 더블플러스 카드,PET,홀로그램,200,반짝이는,카드용지,g,국,939*636,R
메탈실버 카드,PET,은색,200,반짝이는,카드용지,g,국,939*636,R
메탈골드 카드,PET,금색,200,반짝이는,카드용지,g,국,939*636,R
카드,PET,,200,반짝이는,카드용지,g,국,939*636,R
,,,,,,,,,
휘라레,솔라화이트,백색,216,엠보,고급용지,g,46,1091*788,R
휘라레,솔라화이트,백색,216,엠보,고급용지,g,국,939*636,R
반누브,네츄럴,미색,210,부드러운,고급용지,g,46,1091*788,R
반누브,네츄럴,미색,210,부드러운,고급용지,g,국,939*636,R
스타드림,쿼츠,은색,220,펄,고급용지,g,46,1091*788,R
스타드림,쿼츠,은색,220,펄,고급용지,g,국,939*636,R
스노우지,,백색,250,은은한,일반용지,g,46,1091*788,R
스노우지,,백색,250,은은한,일반용지,g,국,939*636,R
스노우지,,백색,250,은은한,일반용지,g,46,1091*788,R
스노우지,,백색,250,은은한,일반용지,g,국,939*636,R
,,,,,,,,,
스노우지,,백색,250,은은한,일반용지,g,46,1091*788,R
스노우지,,백색,250,은은한,일반용지,g,국,939*636,R
휘라레,솔라화이트,백색,216,엠보,고급용지,g,46,1091*788,R
휘라레,솔라화이트,백색,216,엠보,고급용지,g,국,939*636,R
반누브,네츄럴,미색,210,부드러운,고급용지,g,46,1091*788,R
반누브,네츄럴,미색,210,부드러운,고급용지,g,국,939*636,R
스타드림,쿼츠,은색,220,펄,고급용지,g,46,1091*788,R
스타드림,쿼츠,은색,220,펄,고급용지,g,국,939*636,R
스노우지,,백색,250,은은한,일반용지,g,46,1091*788,R
스노우지,,백색,250,은은한,일반용지,g,국,939*636,R
스노우지,,백색,250,은은한,일반용지,g,46,1091*788,R
스노우지,,백색,250,은은한,일반용지,g,국,939*636,R
휘라레,솔라화이트,백색,216,엠보,고급용지,g,46,1091*788,R
휘라레,솔라화이트,백색,216,엠보,고급용지,g,국,939*636,R
반누브,네츄럴,미색,210,부드러운,고급용지,g,46,1091*788,R
반누브,네츄럴,미색,210,부드러운,고급용지,g,국,939*636,R
스타드림,쿼츠,은색,220,펄,고급용지,g,46,1091*788,R
스타드림,쿼츠,은색,220,펄,고급용지,g,국,939*636,R
스노우지,,백색,250,은은한,일반용지,g,46,1091*788,R
스노우지,,백색,250,은은한,일반용지,g,국,939*636,R
스노우지,,백색,250,은은한,일반용지,g,46,1091*788,R
스노우지,,백색,250,은은한,일반용지,g,국,939*636,R
휘라레,솔라화이트,백색,216,엠보,고급용지,g,46,1091*788,R
휘라레,솔라화이트,백색,216,엠보,고급용지,g,국,939*636,R
반누브,네츄럴,미색,210,부드러운,고급용지,g,46,1091*788,R
반누브,네츄럴,미색,210,부드러운,고급용지,g,국,939*636,R
스타드림,쿼츠,은색,220,펄,고급용지,g,46,1091*788,R
스타드림,쿼츠,은색,220,펄,고급용지,g,국,939*636,R
스노우지,,백색,250,은은한,일반용지,g,46,1091*788,R
스노우지,,백색,250,은은한,일반용지,g,국,939*636,R
스노우지,,백색,250,은은한,일반용지,g,46,1091*788,R
스노우지,,백색,250,은은한,일반용지,g,국,939*636,R
스노우지,,백색,250,은은한,일반용지,g,국,939*636,R
아트지,강접,백색,90,매끈한,스티커용지,g,46,1091*788,R
아트지,강접,백색,90,매끈한,스티커용지,g,국,939*636,R
아트지,강접,백색,90,매끈한,스티커용지,g,46,1091*788,R
아트지,강접,백색,90,매끈한,스티커용지,g,국,939*636,R
은무데드롱,무광,은색,25,반짝이는,스티커용지,g,46,1091*788,R
은무데드롱,무광,은색,25,반짝이는,스티커용지,g,국,939*636,R
유포지,무광,미색,80,반짝이는,스티커용지,g,46,1091*788,R
유포지,무광,미색,80,반짝이는,스티커용지,g,국,939*636,R
투명데드롱,유광,투명,25,반짝이는,스티커용지,g,46,1091*788,R
투명데드롱,유광,투명,25,반짝이는,스티커용지,g,국,939*636,R
아트지,강접,백색,90,매끈한,스티커용지,g,국,939*636,R
,,,,,,,,,
,,,,,,,,,
,,,,,,,,,
모조지,,백색,80,부드러운,스티커용지,g,46,1091*788,R
모조지,,백색,80,부드러운,스티커용지,g,국,939*636,R
아트지,강접,백색,90,매끈한,스티커용지,g,46,1091*788,R
아트지,강접,백색,90,매끈한,스티커용지,g,국,939*636,R
아트지,강접,백색,90,매끈한,스티커용지,g,46,1091*788,R
아트지,강접,백색,90,매끈한,스티커용지,g,국,939*636,R
아트지,강접,백색,90,매끈한,스티커용지,g,46,1091*788,R
아트지,강접,백색,90,매끈한,스티커용지,g,국,939*636,R
아트지,강접,백색,90,매끈한,스티커용지,g,46,1091*788,R
아트지,강접,백색,90,매끈한,스티커용지,g,국,939*636,R
아트지,강접,백색,90,매끈한,스티커용지,g,46,1091*788,R
아트지,강접,백색,90,매끈한,스티커용지,g,국,939*636,R
아트지,강접,백색,90,매끈한,스티커용지,g,46,1091*788,R
아트지,강접,백색,90,매끈한,스티커용지,g,국,939*636,R
아트지,강접,백색,90,매끈한,스티커용지,g,46,1091*788,R
아트지,강접,백색,90,매끈한,스티커용지,g,국,939*636,R
아트지,강접,백색,90,매끈한,스티커용지,g,46,1091*788,R
아트지,강접,백색,90,매끈한,스티커용지,g,국,939*636,R
아트지,강접,백색,90,매끈한,스티커용지,g,46,1091*788,R
아트지,강접,백색,90,매끈한,스티커용지,g,국,939*636,R
아트지,강접,백색,90,매끈한,스티커용지,g,46,1091*788,R
아트지,강접,백색,90,매끈한,스티커용지,g,국,939*636,R
은무데드롱,무광,은색,25,반짝이는,스티커용지,g,46,1091*788,R
은무데드롱,무광,은색,25,반짝이는,스티커용지,g,국,939*636,R
유포지,무광,미색,80,반짝이는,스티커용지,g,46,1091*788,R
유포지,무광,미색,80,반짝이는,스티커용지,g,국,939*636,R
투명데드롱,유광,투명,25,반짝이는,스티커용지,g,46,1091*788,R
투명데드롱,유광,투명,25,반짝이는,스티커용지,g,국,939*636,R
모조지,,백색,80,부드러운,스티커용지,g,46,1091*788,R
모조지,,백색,80,부드러운,스티커용지,g,국,939*636,R
,,,,,,,,,
아트지,,백색,90,매끈한,일반용지,g,46,1091*788,R
아트지,,백색,90,매끈한,일반용지,g,국,939*636,R
아트지,,백색,90,매끈한,일반용지,g,별,910*650,R
아트지,,백색,90,매끈한,일반용지,g,별,788*650,R
아트지,,백색,90,매끈한,일반용지,g,별,788*570,R
아트지,,백색,90,매끈한,일반용지,g,별,760*545,R
아트지,,백색,90,매끈한,일반용지,g,별,880*625,R
아트지,,백색,120,매끈한,일반용지,g,46,1091*788,R
아트지,,백색,120,매끈한,일반용지,g,국,939*636,R
아트지,,백색,150,매끈한,일반용지,g,46,1091*788,R
아트지,,백색,150,매끈한,일반용지,g,국,939*636,R
아트지,,백색,180,매끈한,일반용지,g,46,1091*788,R
아트지,,백색,180,매끈한,일반용지,g,국,939*636,R
아트지,,백색,300,매끈한,일반용지,g,46,1091*788,R
아트지,,백색,300,매끈한,일반용지,g,국,939*636,R
,,,,,,,,,
모조지,,백색,80,부드러운,일반용지,g,46,1091*788,R
모조지,,백색,80,부드러운,일반용지,g,국,939*636,R
,,,,,,,,,
,,,,,,,,,
아트지,,백색,100,매끈한,일반용지,g,46,1091*788,R
아트지,,백색,100,매끈한,일반용지,g,국,939*636,R
아트지,,백색,120,매끈한,일반용지,g,46,1091*788,R
아트지,,백색,120,매끈한,일반용지,g,국,939*636,R
아트지,,백색,150,매끈한,일반용지,g,46,1091*788,R
아트지,,백색,150,매끈한,일반용지,g,국,939*636,R
아트지,,백색,180,매끈한,일반용지,g,46,1091*788,R
아트지,,백색,180,매끈한,일반용지,g,국,939*636,R
아트지,,백색,200,매끈한,일반용지,g,46,1091*788,R
아트지,,백색,200,매끈한,일반용지,g,국,939*636,R
아트지,,백색,250,매끈한,일반용지,g,46,1091*788,R
아트지,,백색,250,매끈한,일반용지,g,국,939*636,R
아트지,,백색,300,매끈한,일반용지,g,46,1091*788,R
아트지,,백색,300,매끈한,일반용지,g,국,939*636,R
모조지,,백색,70,부드러운,일반용지,g,46,1091*788,R
모조지,,백색,70,부드러운,일반용지,g,국,939*636,R
모조지,,백색,80,부드러운,일반용지,g,46,1091*788,R
모조지,,백색,80,부드러운,일반용지,g,국,939*636,R
모조지,,백색,100,부드러운,일반용지,g,46,1091*788,R
모조지,,백색,100,부드러운,일반용지,g,국,939*636,R
모조지,,백색,120,부드러운,일반용지,g,46,1091*788,R
모조지,,백색,120,부드러운,일반용지,g,국,939*636,R
모조지,,백색,150,부드러운,일반용지,g,46,1091*788,R
모조지,,백색,150,부드러운,일반용지,g,국,939*636,R
모조지,,백색,180,부드러운,일반용지,g,46,1091*788,R
모조지,,백색,180,부드러운,일반용지,g,국,939*636,R
모조지,,백색,220,부드러운,일반용지,g,46,1091*788,R
모조지,,백색,220,부드러운,일반용지,g,국,939*636,R
모조지,,백색,260,부드러운,일반용지,g,46,1091*788,R
모조지,,백색,260,부드러운,일반용지,g,국,939*636,R
모조지,,미색,80,부드러운,일반용지,g,46,1091*788,R
모조지,,미색,80,부드러운,일반용지,g,국,939*636,R
모조지,,미색,100,부드러운,일반용지,g,46,1091*788,R
모조지,,미색,100,부드러운,일반용지,g,국,939*636,R
스노우지,,백색,100,은은한,일반용지,g,46,1091*788,R
스노우지,,백색,100,은은한,일반용지,g,국,939*636,R
스노우지,,백색,120,은은한,일반용지,g,46,1091*788,R
스노우지,,백색,120,은은한,일반용지,g,국,939*636,R
스노우지,,백색,150,은은한,일반용지,g,46,1091*788,R
스노우지,,백색,150,은은한,일반용지,g,국,939*636,R
스노우지,,백색,180,은은한,일반용지,g,46,1091*788,R
스노우지,,백색,180,은은한,일반용지,g,국,939*636,R
스노우지,,백색,200,은은한,일반용지,g,46,1091*788,R
스노우지,,백색,200,은은한,일반용지,g,국,939*636,R
스노우지,,백색,250,은은한,일반용지,g,46,1091*788,R
스노우지,,백색,250,은은한,일반용지,g,국,939*636,R
스노우지,,백색,300,은은한,일반용지,g,46,1091*788,R
스노우지,,백색,300,은은한,일반용지,g,국,939*636,R
랑데뷰,네츄럴,미색,90,부드러운,고급용지,,,,
랑데뷰,네츄럴,미색,105,부드러운,고급용지,,,,
랑데뷰,네츄럴,미색,130,부드러운,고급용지,,,,
랑데뷰,네츄럴,미색,160,부드러운,고급용지,,,,
랑데뷰,네츄럴,미색,190,부드러운,고급용지,,,,
랑데뷰,네츄럴,미색,210,부드러운,고급용지,,,,
랑데뷰,네츄럴,미색,240,부드러운,고급용지,,,,
랑데뷰,울트라화이트,고백색,90,부드러운,고급용지,,,,
랑데뷰,울트라화이트,고백색,105,부드러운,고급용지,,,,
랑데뷰,울트라화이트,고백색,130,부드러운,고급용지,,,,
랑데뷰,울트라화이트,고백색,160,부드러운,고급용지,,,,
랑데뷰,울트라화이트,고백색,190,부드러운,고급용지,,,,
랑데뷰,울트라화이트,고백색,210,부드러운,고급용지,,,,
랑데뷰,울트라화이트,고백색,240,부드러운,고급용지,,,,
휘라레,솔라화이트,백색,216,엠보,고급용지,,,,
반누보,네츄럴,미색,122,부드러운,고급용지,,,,
반누보,네츄럴,미색,151,부드러운,고급용지,,,,
반누보,네츄럴,미색,175,부드러운,고급용지,,,,
반누보,네츄럴,미색,204,부드러운,고급용지,,,,
반누보,네츄럴,미색,227,부드러운,고급용지,,,,
반누보,화이트,백색,122,부드러운,고급용지,,,,
반누보,화이트,백색,151,부드러운,고급용지,,,,
반누보,화이트,백색,175,부드러운,고급용지,,,,
반누보,화이트,백색,204,부드러운,고급용지,,,,
반누보,화이트,백색,227,부드러운,고급용지,,,,
반누보,화이트,백색,250,부드러운,고급용지,,,,
반누보,화이트,백색,273,부드러운,고급용지,,,,
스타드림,쿼츠,은색,110,펄,고급용지,,,,
스타드림,쿼츠,은색,120,펄,고급용지,,,,
스타드림,쿼츠,은색,240,펄,고급용지,,,,
스타드림,쿼츠,은색,340,펄,고급용지,,,,
아르떼,,백색,230,부드러운,고급용지,,,,
몽블랑,엑스트라화이트,백색,90,부드러운,고급용지,,,,
몽블랑,엑스트라화이트,백색,100,부드러운,고급용지,,,,
몽블랑,엑스트라화이트,백색,130,부드러운,고급용지,,,,
몽블랑,엑스트라화이트,백색,160,부드러운,고급용지,,,,
몽블랑,엑스트라화이트,백색,210,부드러운,고급용지,,,,
몽블랑,엑스트라화이트,백색,240,부드러운,고급용지,,,,
몽블랑,화이트,연백색,90,부드러운,고급용지,,,,
몽블랑,화이트,연백색,100,부드러운,고급용지,,,,
몽블랑,화이트,연백색,130,부드러운,고급용지,,,,
몽블랑,화이트,연백색,160,부드러운,고급용지,,,,
몽블랑,화이트,연백색,210,부드러운,고급용지,,,,
몽블랑,화이트,연백색,240,부드러운,고급용지,,,,
앙상블,,백색,90,부드러운,고급용지,,,,
앙상블,,백색,100,부드러운,고급용지,,,,
앙상블,,백색,110,부드러운,고급용지,,,,
앙상블,,백색,130,부드러운,고급용지,,,,
앙상블,,백색,160,부드러운,고급용지,,,,
앙상블,,백색,190,부드러운,고급용지,,,,
앙상블,,백색,210,부드러운,고급용지,,,,
앙상블,,백색,260,부드러운,고급용지,,,,
크라프트,크라프트,갈색,98,무늬,특수용지,,,,
크라프트,크라프트,갈색,120,무늬,특수용지,,,,
크라프트,뉴크라프트보드,갈색,175,무늬,특수용지,,,,
크라프트,뉴크라프트보드,갈색,205,무늬,특수용지,,,,
크라프트,뉴크라프트보드,갈색,300,무늬,특수용지,,,,
크라프트,뉴크라프트보드,갈색,440,무늬,특수용지,,,,
크라프트,크라프트팩,갈색,224,무늬,특수용지,,,,
크라프트,크라프트팩,갈색,283,무늬,특수용지,,,,
크라프트,크라프트팩,갈색,410,무늬,특수용지,,,,
매직칼라,,우유색,120,부드러운,특수용지,,,,
매직칼라,,노른자색,120,부드러운,특수용지,,,,
매직칼라,,뉴주홍색,120,부드러운,특수용지,,,,
매직칼라,,분홍색,120,부드러운,특수용지,,,,
매직칼라,,연두색,120,부드러운,특수용지,,,,
파일지,,황색,120,부드러운,특수용지,,,,
파일지,,황색,195,부드러운,특수용지,,,,
파일지,,황색,235,부드러운,특수용지,,,,
마제스틱,캔들라이트크림,미색,120,반짝이는,수입용지,,,,
마제스틱,캔들라이트크림,미색,200,반짝이는,수입용지,,,,
마제스틱,캔들라이트크림,미색,250,반짝이는,수입용지,,,,
마제스틱,째즈라이트골드,은색,120,반짝이는,수입용지,,,,
마제스틱,째즈라이트골드,은색,200,반짝이는,수입용지,,,,
마제스틱,째즈라이트골드,은색,250,반짝이는,수입용지,,,,
마제스틱,밀키화이트,연미색,120,반짝이는,수입용지,,,,
마제스틱,밀키화이트,연미색,200,반짝이는,수입용지,,,,
마제스틱,밀키화이트,연미색,250,반짝이는,수입용지,,,,
마제스틱,마블화이트,화이트,120,반짝이는,수입용지,,,,
마제스틱,마블화이트,화이트,200,반짝이는,수입용지,,,,
마제스틱,마블화이트,화이트,250,반짝이는,수입용지,,,,
쟈데,실크,실크색,215,펄엠보,수입용지,,,,
오로,아이스골드,진주펄색,120,펄,수입용지,,,,
오로,아이스골드,진주펄색,220,펄,수입용지,,,,
오로,아이스골드,진주펄색,250,펄,수입용지,,,,
아트지,,백색,100,매끈한,일반용지,,,,
,,,,,,,,,
아트지,,백색,120,매끈한,일반용지,,,,
,,,,,,,,,
아트지,,백색,150,매끈한,일반용지,,,,
,,,,,,,,,
아트지,,백색,180,매끈한,일반용지,,,,
,,,,,,,,,
아트지,,백색,200,매끈한,일반용지,,,,
,,,,,,,,,
아트지,,백색,250,매끈한,일반용지,,,,
,,,,,,,,,
아트지,,백색,300,매끈한,일반용지,,,,
,,,,,,,,,
모조지,,백색,70,부드러운,일반용지,,,,
,,,,,,,,,
모조지,,백색,80,부드러운,일반용지,,,,
,,,,,,,,,
모조지,,백색,100,부드러운,일반용지,,,,
,,,,,,,,,
모조지,,백색,120,부드러운,일반용지,,,,
,,,,,,,,,
모조지,,백색,150,부드러운,일반용지,,,,
,,,,,,,,,
모조지,,백색,180,부드러운,일반용지,,,,
,,,,,,,,,
모조지,,백색,220,부드러운,일반용지,,,,
,,,,,,,,,
모조지,,백색,260,부드러운,일반용지,,,,
,,,,,,,,,
모조지,,미색,80,부드러운,일반용지,,,,
,,,,,,,,,
모조지,,미색,100,부드러운,일반용지,,,,
,,,,,,,,,
스노우지,,백색,100,은은한,일반용지,,,,
,,,,,,,,,
스노우지,,백색,120,은은한,일반용지,,,,
,,,,,,,,,
스노우지,,백색,150,은은한,일반용지,,,,
,,,,,,,,,
스노우지,,백색,180,은은한,일반용지,,,,
,,,,,,,,,
스노우지,,백색,200,은은한,일반용지,,,,
,,,,,,,,,
스노우지,,백색,250,은은한,일반용지,,,,
,,,,,,,,,
스노우지,,백색,300,은은한,일반용지,,,,
,,,,,,,,,
랑데뷰,네츄럴,미색,90,부드러운,고급용지,,,,
랑데뷰,네츄럴,미색,105,부드러운,고급용지,,,,
랑데뷰,네츄럴,미색,130,부드러운,고급용지,,,,
랑데뷰,네츄럴,미색,160,부드러운,고급용지,,,,
랑데뷰,네츄럴,미색,190,부드러운,고급용지,,,,
랑데뷰,네츄럴,미색,210,부드러운,고급용지,,,,
랑데뷰,네츄럴,미색,240,부드러운,고급용지,,,,
랑데뷰,울트라화이트,고백색,90,부드러운,고급용지,,,,
랑데뷰,울트라화이트,고백색,105,부드러운,고급용지,,,,
랑데뷰,울트라화이트,고백색,130,부드러운,고급용지,,,,
랑데뷰,울트라화이트,고백색,160,부드러운,고급용지,,,,
랑데뷰,울트라화이트,고백색,190,부드러운,고급용지,,,,
랑데뷰,울트라화이트,고백색,210,부드러운,고급용지,,,,
랑데뷰,울트라화이트,고백색,240,부드러운,고급용지,,,,
휘라레,솔라화이트,백색,216,엠보,고급용지,,,,
반누보,네츄럴,미색,122,부드러운,고급용지,,,,
반누보,네츄럴,미색,151,부드러운,고급용지,,,,
반누보,네츄럴,미색,175,부드러운,고급용지,,,,
반누보,네츄럴,미색,204,부드러운,고급용지,,,,
반누보,네츄럴,미색,227,부드러운,고급용지,,,,
반누보,화이트,백색,122,부드러운,고급용지,,,,
반누보,화이트,백색,151,부드러운,고급용지,,,,
반누보,화이트,백색,175,부드러운,고급용지,,,,
반누보,화이트,백색,204,부드러운,고급용지,,,,
반누보,화이트,백색,227,부드러운,고급용지,,,,
반누보,화이트,백색,250,부드러운,고급용지,,,,
반누보,화이트,백색,273,부드러운,고급용지,,,,
스타드림,쿼츠,은색,110,펄,고급용지,,,,
스타드림,쿼츠,은색,120,펄,고급용지,,,,
스타드림,쿼츠,은색,240,펄,고급용지,,,,
스타드림,쿼츠,은색,340,펄,고급용지,,,,
아르떼,,백색,230,부드러운,고급용지,,,,
몽블랑,엑스트라화이트,백색,90,부드러운,고급용지,,,,
몽블랑,엑스트라화이트,백색,100,부드러운,고급용지,,,,
몽블랑,엑스트라화이트,백색,130,부드러운,고급용지,,,,
몽블랑,엑스트라화이트,백색,160,부드러운,고급용지,,,,
몽블랑,엑스트라화이트,백색,210,부드러운,고급용지,,,,
몽블랑,엑스트라화이트,백색,240,부드러운,고급용지,,,,
몽블랑,화이트,연백색,90,부드러운,고급용지,,,,
몽블랑,화이트,연백색,100,부드러운,고급용지,,,,
몽블랑,화이트,연백색,130,부드러운,고급용지,,,,
몽블랑,화이트,연백색,160,부드러운,고급용지,,,,
몽블랑,화이트,연백색,210,부드러운,고급용지,,,,
몽블랑,화이트,연백색,240,부드러운,고급용지,,,,
앙상블,,백색,90,부드러운,고급용지,,,,
앙상블,,백색,100,부드러운,고급용지,,,,
앙상블,,백색,110,부드러운,고급용지,,,,
앙상블,,백색,130,부드러운,고급용지,,,,
앙상블,,백색,160,부드러운,고급용지,,,,
앙상블,,백색,190,부드러운,고급용지,,,,
앙상블,,백색,210,부드러운,고급용지,,,,
앙상블,,백색,260,부드러운,고급용지,,,,
크라프트,크라프트,갈색,98,무늬,특수용지,,,,
크라프트,크라프트,갈색,120,무늬,특수용지,,,,
크라프트,뉴크라프트보드,갈색,175,무늬,특수용지,,,,
크라프트,뉴크라프트보드,갈색,205,무늬,특수용지,,,,
크라프트,뉴크라프트보드,갈색,300,무늬,특수용지,,,,
크라프트,뉴크라프트보드,갈색,440,무늬,특수용지,,,,
크라프트,크라프트팩,갈색,224,무늬,특수용지,,,,
크라프트,크라프트팩,갈색,283,무늬,특수용지,,,,
크라프트,크라프트팩,갈색,410,무늬,특수용지,,,,
매직칼라,,우유색,120,부드러운,특수용지,,,,
매직칼라,,노른자색,120,부드러운,특수용지,,,,
매직칼라,,뉴주홍색,120,부드러운,특수용지,,,,
매직칼라,,분홍색,120,부드러운,특수용지,,,,
매직칼라,,연두색,120,부드러운,특수용지,,,,
파일지,,황색,120,부드러운,특수용지,,,,
파일지,,황색,195,부드러운,특수용지,,,,
파일지,,황색,235,부드러운,특수용지,,,,
레자크,#96,아이보리,120,부드러운,특수용지,,,,
마제스틱,캔들라이트크림,미색,120,반짝이는,수입용지,,,,
마제스틱,캔들라이트크림,미색,200,반짝이는,수입용지,,,,
마제스틱,캔들라이트크림,미색,250,반짝이는,수입용지,,,,
마제스틱,째즈라이트골드,은색,120,반짝이는,수입용지,,,,
마제스틱,째즈라이트골드,은색,200,반짝이는,수입용지,,,,
마제스틱,째즈라이트골드,은색,250,반짝이는,수입용지,,,,
마제스틱,밀키화이트,연미색,120,반짝이는,수입용지,,,,
마제스틱,밀키화이트,연미색,200,반짝이는,수입용지,,,,
마제스틱,밀키화이트,연미색,250,반짝이는,수입용지,,,,
마제스틱,마블화이트,화이트,120,반짝이는,수입용지,,,,
마제스틱,마블화이트,화이트,200,반짝이는,수입용지,,,,
마제스틱,마블화이트,화이트,250,반짝이는,수입용지,,,,
쟈데,실크,실크색,215,펄엠보,수입용지,,,,
오로,아이스골드,진주펄색,120,펄,수입용지,,,,
오로,아이스골드,진주펄색,220,펄,수입용지,,,,
오로,아이스골드,진주펄색,250,펄,수입용지,,,,
아트지,,백색,100,매끈한,일반용지,,,,
,,,,,,,,,
아트지,,백색,120,매끈한,일반용지,,,,
,,,,,,,,,
아트지,,백색,150,매끈한,일반용지,,,,
,,,,,,,,,
아트지,,백색,180,매끈한,일반용지,,,,
,,,,,,,,,
아트지,,백색,200,매끈한,일반용지,,,,
,,,,,,,,,
아트지,,백색,250,매끈한,일반용지,,,,
,,,,,,,,,
아트지,,백색,300,매끈한,일반용지,,,,
,,,,,,,,,
모조지,,백색,70,부드러운,일반용지,,,,
,,,,,,,,,
모조지,,백색,80,부드러운,일반용지,,,,
,,,,,,,,,
모조지,,백색,100,부드러운,일반용지,,,,
,,,,,,,,,
모조지,,백색,120,부드러운,일반용지,,,,
,,,,,,,,,
모조지,,백색,150,부드러운,일반용지,,,,
,,,,,,,,,
모조지,,백색,180,부드러운,일반용지,,,,
,,,,,,,,,
모조지,,백색,220,부드러운,일반용지,,,,
,,,,,,,,,
모조지,,백색,260,부드러운,일반용지,,,,
,,,,,,,,,
모조지,,미색,80,부드러운,일반용지,,,,
,,,,,,,,,
모조지,,미색,100,부드러운,일반용지,,,,
,,,,,,,,,
스노우지,,백색,100,은은한,일반용지,,,,
,,,,,,,,,
스노우지,,백색,120,은은한,일반용지,,,,
,,,,,,,,,
스노우지,,백색,150,은은한,일반용지,,,,
,,,,,,,,,
스노우지,,백색,180,은은한,일반용지,,,,
,,,,,,,,,
스노우지,,백색,200,은은한,일반용지,,,,
,,,,,,,,,
스노우지,,백색,250,은은한,일반용지,,,,
,,,,,,,,,
스노우지,,백색,300,은은한,일반용지,,,,
,,,,,,,,,
,,,,,,,,,
,,,,,,,,,
,,,,,,,,,
아트지,,백색,100,매끈한,일반용지,,,,
,,,,,,,,,
아트지,,백색,120,매끈한,일반용지,,,,
,,,,,,,,,
아트지,,백색,150,매끈한,일반용지,,,,
,,,,,,,,,
아트지,,백색,180,매끈한,일반용지,,,,
,,,,,,,,,
아트지,,백색,200,매끈한,일반용지,,,,
,,,,,,,,,
아트지,,백색,250,매끈한,일반용지,,,,
,,,,,,,,,
아트지,,백색,300,매끈한,일반용지,,,,
,,,,,,,,,
모조지,,백색,70,부드러운,일반용지,,,,
,,,,,,,,,
모조지,,백색,80,부드러운,일반용지,,,,
,,,,,,,,,
모조지,,백색,100,부드러운,일반용지,,,,
,,,,,,,,,
모조지,,백색,120,부드러운,일반용지,,,,
,,,,,,,,,
모조지,,백색,150,부드러운,일반용지,,,,
,,,,,,,,,
모조지,,백색,180,부드러운,일반용지,,,,
,,,,,,,,,
모조지,,백색,220,부드러운,일반용지,,,,
,,,,,,,,,
모조지,,백색,260,부드러운,일반용지,,,,
,,,,,,,,,
모조지,,미색,80,부드러운,일반용지,,,,
,,,,,,,,,
모조지,,미색,100,부드러운,일반용지,,,,
,,,,,,,,,
스노우지,,백색,100,은은한,일반용지,,,,
,,,,,,,,,
스노우지,,백색,120,은은한,일반용지,,,,
,,,,,,,,,
스노우지,,백색,150,은은한,일반용지,,,,
,,,,,,,,,
스노우지,,백색,180,은은한,일반용지,,,,
,,,,,,,,,
스노우지,,백색,200,은은한,일반용지,,,,
,,,,,,,,,
스노우지,,백색,250,은은한,일반용지,,,,
,,,,,,,,,
스노우지,,백색,300,은은한,일반용지,,,,
,,,,,,,,,
,,,,,,,,,
,,,,,,,,,
아트지,,백색,100,매끈한,일반용지,,,,
,,,,,,,,,
아트지,,백색,120,매끈한,일반용지,,,,
,,,,,,,,,
아트지,,백색,150,매끈한,일반용지,,,,
,,,,,,,,,
아트지,,백색,180,매끈한,일반용지,,,,
,,,,,,,,,
아트지,,백색,200,매끈한,일반용지,,,,
,,,,,,,,,
아트지,,백색,250,매끈한,일반용지,,,,
,,,,,,,,,
아트지,,백색,300,매끈한,일반용지,,,,
,,,,,,,,,
모조지,,백색,70,부드러운,일반용지,,,,
,,,,,,,,,
모조지,,백색,80,부드러운,일반용지,,,,
,,,,,,,,,
모조지,,백색,100,부드러운,일반용지,,,,
,,,,,,,,,
모조지,,백색,120,부드러운,일반용지,,,,
,,,,,,,,,
모조지,,백색,150,부드러운,일반용지,,,,
,,,,,,,,,
모조지,,백색,180,부드러운,일반용지,,,,
,,,,,,,,,
모조지,,백색,220,부드러운,일반용지,,,,
,,,,,,,,,
모조지,,백색,260,부드러운,일반용지,,,,
,,,,,,,,,
모조지,,미색,80,부드러운,일반용지,,,,
,,,,,,,,,
모조지,,미색,100,부드러운,일반용지,,,,
,,,,,,,,,
스노우지,,백색,100,은은한,일반용지,,,,
,,,,,,,,,
스노우지,,백색,120,은은한,일반용지,,,,
,,,,,,,,,
스노우지,,백색,150,은은한,일반용지,,,,
,,,,,,,,,
스노우지,,백색,180,은은한,일반용지,,,,
,,,,,,,,,
스노우지,,백색,200,은은한,일반용지,,,,
,,,,,,,,,
스노우지,,백색,250,은은한,일반용지,,,,
,,,,,,,,,
스노우지,,백색,300,은은한,일반용지,,,,
,,,,,,,,,
,,,,,,,,,
아트지,,백색,300,매끈한,일반용지,,,,
,,,,,,,,,
아트지,,백색,300,매끈한,일반용지,,,,
,,,,,,,,,
스노우지,,백색,300,은은한,일반용지,,,,
,,,,,,,,,
아트지,,백색,100,매끈한,일반용지,,,,
,,,,,,,,,
아트지,,백색,150,매끈한,일반용지,,,,
,,,,,,,,,
아트지,,백색,180,매끈한,일반용지,,,,
,,,,,,,,,
아트지,,백색,200,매끈한,일반용지,,,,
,,,,,,,,,
아트지,,백색,250,매끈한,일반용지,,,,
,,,,,,,,,
아트지,,백색,300,매끈한,일반용지,,,,
,,,,,,,,,
모조지,,백색,80,부드러운,일반용지,,,,
,,,,,,,,,
,,,,,,,,,
모조지,,백색,120,부드러운,일반용지,,,,
,,,,,,,,,
모조지,,백색,150,부드러운,일반용지,,,,
,,,,,,,,,
레자크,#91(체크),백색,110,엠보,특수용지,,,,
,,,,,,,,,
레자크,#91(줄),백색,110,엠보,특수용지,,,,
,,,,,,,,,
모조지,,백색,120,부드러운,일반용지,,,,
모조지,,백색,150,부드러운,일반용지,,,,
레자크,#91(체크),백색,110,엠보,특수용지,,,,
레자크,#91(줄),백색,110,엠보,특수용지,,,,
모조지,,백색,120,부드러운,일반용지,,,,
,,,,,,,,,
모조지,,백색,150,부드러운,일반용지,,,,
,,,,,,,,,
레자크,#91(체크),백색,110,엠보,특수용지,,,,
,,,,,,,,,
레자크,#91(줄),백색,110,엠보,특수용지,,,,
,,,,,,,,,
모조지,,백색,120,부드러운,일반용지,,,,
모조지,,백색,150,부드러운,일반용지,,,,
레자크,#91(체크),백색,110,엠보,특수용지,,,,
레자크,#91(줄),백색,110,엠보,특수용지,,,,
모조지,,백색,100,부드러운,일반용지,,,,
,,,,,,,,,
모조지,,백색,120,부드러운,일반용지,,,,
,,,,,,,,,
레자크,#91(체크),백색,110,엠보,특수용지,,,,
,,,,,,,,,
레자크,#91(줄),백색,110,엠보,특수용지,,,,
,,,,,,,,,
모조지,,백색,100,부드러운,일반용지,,,,
,,,,,,,,,
모조지,,백색,120,부드러운,일반용지,,,,
,,,,,,,,,
레자크,#91(체크),백색,110,엠보,특수용지,,,,
,,,,,,,,,
레자크,#91(줄),백색,110,엠보,특수용지,,,,
,,,,,,,,,
,,,,,,,,,
,,,,,,,,,
,,,,,,,,,
,,,,,,,,,
,,,,,,,,,
,,,,,,,,,
레자크,#64,백색,100,엠보,특수용지,,,,
레자크,#64,크림,100,엠보,특수용지,,,,
레자크,#75,하늘,100,엠보,특수용지,,,,
레자크,#92(줄),백색,100,엠보,특수용지,,,,
레자크,#92(줄),연미색,100,엠보,특수용지,,,,
파일지,,황색,120,부드러운,특수용지,,,,
크라프트,,갈색,100,무늬,특수용지,,,,
모조지,,백색,100,부드러운,일반용지,,,,
모조지,,백색,120,부드러운,일반용지,,,,
모조지,,백색,80,부드러운,일반용지,,,,
모조지,,백색,100,부드러운,일반용지,,,,
레자크,#64,백색,100,엠보,특수용지,,,,
레자크,#92(줄),백색,100,엠보,특수용지,,,,
레자크,#92(줄),연미색,100,엠보,특수용지,,,,
모조지,,백색,100,부드러운,일반용지,,,,
모조지,,백색,100,부드러운,일반용지,,,,
크라프트,크라프트,갈색,98,무늬,특수용지,,,,
레자크,#64,백색,100,엠보,특수용지,,,,
레자크,#64,크림,100,엠보,특수용지,,,,
레자크,#75,하늘,100,엠보,특수용지,,,,
레자크,#92(줄),백색,100,엠보,특수용지,,,,
레자크,#92(줄),연미색,100,엠보,특수용지,,,,
모조지,,백색,100,부드러운,일반용지,,,,
모조지,,백색,100,부드러운,일반용지,,,,
NCR,상지,백색,53,매끈한,특수용지,,,,
,,,,,,,,,
NCR,상지,황색,53,매끈한,특수용지,,,,
,,,,,,,,,
NCR,상지,적색,53,매끈한,특수용지,,,,
,,,,,,,,,
NCR,상지,청색,53,매끈한,특수용지,,,,
,,,,,,,,,
NCR,상지,녹색,53,매끈한,특수용지,,,,
,,,,,,,,,
NCR,하지,백색,53,매끈한,특수용지,,,,
,,,,,,,,,
NCR,하지,황색,53,매끈한,특수용지,,,,
,,,,,,,,,
NCR,하지,적색,53,매끈한,특수용지,,,,
,,,,,,,,,
NCR,하지,청색,53,매끈한,특수용지,,,,
,,,,,,,,,
NCR,하지,녹색,53,매끈한,특수용지,,,,
,,,,,,,,,
NCR,상지,백색,53,매끈한,특수용지,,,,
,,,,,,,,,
NCR,상지,황색,53,매끈한,특수용지,,,,
,,,,,,,,,
NCR,상지,적색,53,매끈한,특수용지,,,,
,,,,,,,,,
NCR,상지,청색,53,매끈한,특수용지,,,,
,,,,,,,,,
NCR,상지,녹색,53,매끈한,특수용지,,,,
,,,,,,,,,
NCR,중지,백색,53,매끈한,특수용지,,,,
,,,,,,,,,
NCR,중지,황색,53,매끈한,특수용지,,,,
,,,,,,,,,
NCR,중지,적색,53,매끈한,특수용지,,,,
,,,,,,,,,
NCR,중지,청색,53,매끈한,특수용지,,,,
,,,,,,,,,
NCR,중지,녹색,53,매끈한,특수용지,,,,
,,,,,,,,,
NCR,하지,백색,53,매끈한,특수용지,,,,
,,,,,,,,,
NCR,하지,황색,53,매끈한,특수용지,,,,
,,,,,,,,,
NCR,하지,적색,53,매끈한,특수용지,,,,
,,,,,,,,,
NCR,하지,청색,53,매끈한,특수용지,,,,
,,,,,,,,,
NCR,하지,녹색,53,매끈한,특수용지,,,,
,,,,,,,,,
NCR,상지,백색,53,매끈한,특수용지,,,,
,,,,,,,,,
NCR,상지,황색,53,매끈한,특수용지,,,,
,,,,,,,,,
NCR,상지,적색,53,매끈한,특수용지,,,,
,,,,,,,,,
NCR,상지,청색,53,매끈한,특수용지,,,,
,,,,,,,,,
NCR,상지,녹색,53,매끈한,특수용지,,,,
,,,,,,,,,
NCR,중지,백색,53,매끈한,특수용지,,,,
,,,,,,,,,
NCR,중지,황색,53,매끈한,특수용지,,,,
,,,,,,,,,
NCR,중지,적색,53,매끈한,특수용지,,,,
,,,,,,,,,
NCR,중지,청색,53,매끈한,특수용지,,,,
,,,,,,,,,
NCR,중지,녹색,53,매끈한,특수용지,,,,
,,,,,,,,,
NCR,중지,백색,53,매끈한,특수용지,,,,
,,,,,,,,,
NCR,중지,황색,53,매끈한,특수용지,,,,
,,,,,,,,,
NCR,중지,적색,53,매끈한,특수용지,,,,
,,,,,,,,,
NCR,중지,청색,53,매끈한,특수용지,,,,
,,,,,,,,,
NCR,중지,녹색,53,매끈한,특수용지,,,,
,,,,,,,,,
NCR,하지,백색,53,매끈한,특수용지,,,,
,,,,,,,,,
NCR,하지,황색,53,매끈한,특수용지,,,,
,,,,,,,,,
NCR,하지,적색,53,매끈한,특수용지,,,,
,,,,,,,,,
NCR,하지,청색,53,매끈한,특수용지,,,,
,,,,,,,,,
NCR,하지,녹색,53,매끈한,특수용지,,,,
,,,,,,,,,
모조지,,백색,70,부드러운,일반용지,,,,
,,,,,,,,,
모조지,,백색,80,부드러운,일반용지,,,,
,,,,,,,,,
모조지,,백색,100,부드러운,일반용지,,,,
,,,,,,,,,
,,,,,,,,,
아트지,,백색,100,매끈한,일반용지,,,,
,,,,,,,,,
아트지,,백색,120,매끈한,일반용지,,,,
,,,,,,,,,
아트지,,백색,150,매끈한,일반용지,,,,
,,,,,,,,,
아트지,,백색,180,매끈한,일반용지,,,,
,,,,,,,,,
아트지,,백색,200,매끈한,일반용지,,,,
,,,,,,,,,
아트지,,백색,250,매끈한,일반용지,,,,
,,,,,,,,,
아트지,,백색,300,매끈한,일반용지,,,,
,,,,,,,,,
모조지,,백색,70,부드러운,일반용지,,,,
,,,,,,,,,
모조지,,백색,80,부드러운,일반용지,,,,
,,,,,,,,,
모조지,,백색,100,부드러운,일반용지,,,,
,,,,,,,,,
스노우지,,백색,100,은은한,일반용지,,,,
,,,,,,,,,
스노우지,,백색,120,은은한,일반용지,,,,
,,,,,,,,,
스노우지,,백색,150,은은한,일반용지,,,,
,,,,,,,,,
스노우지,,백색,180,은은한,일반용지,,,,
,,,,,,,,,
스노우지,,백색,200,은은한,일반용지,,,,
,,,,,,,,,
스노우지,,백색,250,은은한,일반용지,,,,
,,,,,,,,,
스노우지,,백색,300,은은한,일반용지,,,,
,,,,,,,,,
,,,,,,,,,
,,,,,,,,,
,,,,,,,,,
비닐,,백색,10,매끈한,기타용지,,,,
비닐,,백색,10,매끈한,기타용지,,,,
,,,,,수입용지,,,,
아르떼,,백색,230,부드러운,수입용지,,,,
네뚜노,화이트,백색,215,엠보,수입용지,,,,
,,,,,수입용지,,,,
,,,,,수입용지,,,,
띤또레또,Gesso,순백색,250,엠보,수입용지,,,,
,,,,,수입용지,,,,
,,,,,수입용지,,,,
,,,,,수입용지,,,,
,,,,,수입용지,,,,
,,,,,수입용지,,,,
마제스틱,캔들라이트크림,미색,250,반짝이는,수입용지,,,,
마제스틱,째즈라이트골드,은색,250,반짝이는,수입용지,,,,
,,,,,수입용지,,,,
몽블랑,엑스트라화이트,백색,240,부드러운,수입용지,,,,
,,,,,수입용지,,,,
,,,,,수입용지,,,,
,,,,,수입용지,,,,
,,,,,수입용지,,,,
,,,,,수입용지,,,,
,,,,,수입용지,,,,
시리오펄,골드,금색,230,펄,수입용지,,,,
시리오펄,실버,은색,230,펄,수입용지,,,,
시리오펄,스노우,흰색,230,펄,수입용지,,,,
시리오펄,진주,진주색,230,펄,수입용지,,,,
심볼사틴,화이트,백색,250,,수입용지,,,,
,,,,,수입용지,,,,
썬샤인,화이트,백색,230,매끈한,수입용지,,,,
앙상블,,백색,210,부드러운,수입용지,,,,
,,,,,수입용지,,,,
오로,아이스골드,진주펄색,250,펄,수입용지,,,,
,,,,,수입용지,,,,
,,,,,수입용지,,,,
코롤라,화이트,백색,240,엠보,수입용지,,,,
,,,,,수입용지,,,,
,,,,,수입용지,,,,
트루카드,언코팅 Matt,연청색,220,매끈한,수입용지,,,,
,,,,,수입용지,,,,
,,,,,수입용지,,,,
,,,,,수입용지,,,,
,,,,,수입용지,,,,
린넨커버,화이트 펄,백색,227,펄,수입용지,,,,
반누보,화이트,백색,210,부드러운,수입용지,,,,
,,,,,수입용지,,,,
스펜더룩스,리자드 화이트,백색,250,엠보,수입용지,,,,
,,,,,수입용지,,,,
엑스트라 FSC,퓨어-머쉬계열,백색,250,매끈한,수입용지,,,,
엑스트라 FSC,매트-누브계열,백색,250,부드러운,수입용지,,,,
엑스트라 FSC,린넨-휘라레계열,백색,250,엠보,수입용지,,,,
